allele,1,2,3,4,5,6,7,8,9,10,11,12,13,14,15,16,17,18,19,20,21,22,23,24,25,25_INS_1,26,27,28,29,30,31,32,33,34,35,36,37,38,39,40,41,42,43,44,45,46,47,48,49,50,51,52,53,54,55,56,57,58,59,60,61,62,63,64,65,66,67,68,69,70,71,72,73,74,75,76,77,78,79,80,81,82,83,84,85,86,87,88,89,90,91,92,93,94,serology
DRB1*01:01,G,D,T,R,P,R,F,L,W,Q,L,K,F,E,C,H,F,F,N,G,T,E,R,V,R,-,L,L,E,R,C,I,Y,N,Q,E,E,S,V,R,F,D,S,D,V,G,E,Y,R,A,V,T,E,L,G,R,P,D,A,E,Y,W,N,S,Q,K,D,L,L,E,Q,R,R,A,A,V,D,T,Y,C,R,H,N,Y,G,V,G,E,S,F,T,V,Q,R,R,1
DRB1*01:02,G,D,T,R,P,R,F,L,W,Q,L,K,F,E,C,H,F,F,N,G,T,E,R,V,R,-,L,L,E,R,C,I,Y,N,Q,E,E,S,V,R,F,D,S,D,V,G,E,Y,R,A,V,T,E,L,G,R,P,D,A,E,Y,W,N,S,Q,K,D,L,L,E,Q,R,R,A,A,V,D,T,Y,C,R,H,N,Y,G,A,V,E,S,F,T,V,Q,R,R,1
DRB1*01:03,-,-,-,-,-,R,F,L,W,Q,L,K,F,E,C,H,F,F,N,G,T,E,R,V,R,-,L,L,E,R,C,I,Y,N,Q,E,E,S,V,R,F,D,S,D,V,G,E,Y,R,A,V,T,E,L,G,R,P,D,A,E,Y,W,N,S,Q,K,D,I,L,E,D,E,R,A,A,V,D,T,Y,C,R,H,N,Y,G,V,G,E,S,F,T,V,Q,R,R,1 103
DRB1*03:01,-,-,-,-,-,R,F,L,E,Y,S,T,S,E,C,H,F,F,N,G,T,E,R,V,R,-,Y,L,D,R,Y,F,H,N,Q,E,E,N,V,R,F,D,S,D,V,G,E,F,R,A,V,T,E,L,G,R,P,D,A,E,Y,W,N,S,Q,K,D,L,L,E,Q,K,R,G,R,V,D,N,Y,C,R,H,N,Y,G,V,V,E,S,F,T,V,Q,R,R,3 17
DRB1*03:02,-,-,-,-,-,R,F,L,E,Y,S,T,S,E,C,H,F,F,N,G,T,E,R,V,R,-,F,L,E,R,Y,F,H,N,Q,E,E,N,V,R,F,D,S,D,V,G,E,Y,R,A,V,T,E,L,G,R,P,D,A,E,Y,W,N,S,Q,K,D,L,L,E,Q,K,R,G,R,V,D,N,Y,C,R,H,N,Y,G,V,G,E,S,F,T,V,Q,R,R,3 18
DRB1*04:01,-,-,-,-,-,R,F,L,E,Q,V,K,H,E,C,H,F,F,N,G,T,E,R,V,R,-,F,L,D,R,Y,F,Y,H,Q,E,E,Y,V,R,F,D,S,D,V,G,E,Y,R,A,V,T,E,L,G,R,P,D,A,E,Y,W,N,S,Q,K,D,L,L,E,Q,K,R,A,A,V,D,T,Y,C,R,H,N,Y,G,V,G,E,S,F,T,V,Q,R,R,4
DRB1*04:02,-,-,-,-,-,R,F,L,E,Q,V,K,H,E,C,H,F,F,N,G,T,E,R,V,R,-,F,L,D,R,Y,F,Y,H,Q,E,E,Y,V,R,F,D,S,D,V,G,E,Y,R,A,V,T,E,L,G,R,P,D,A,E,Y,W,N,S,Q,K,D,I,L,E,D,E,R,A,A,V,D,T,Y,C,R,H,N,Y,G,V,V,E,S,F,T,V,Q,R,R,4
DRB1*04:03,G,D,T,R,P,R,F,L,E,Q,V,K,H,E,C,H,F,F,N,G,T,E,R,V,R,-,F,L,D,R,Y,F,Y,H,Q,E,E,Y,V,R,F,D,S,D,V,G,E,Y,R,A,V,T,E,L,G,R,P,D,A,E,Y,W,N,S,Q,K,D,L,L,E,Q,R,R,A,E,V,D,T,Y,C,R,H,N,Y,G,V,V,E,S,F,T,V,Q,R,R,4
DRB1*04:04,G,D,T,R,P,R,F,L,E,Q,V,K,H,E,C,H,F,F,N,G,T,E,R,V,R,-,F,L,D,R,Y,F,Y,H,Q,E,E,Y,V,R,F,D,S,D,V,G,E,Y,R,A,V,T,E,L,G,R,P,D,A,E,Y,W,N,S,Q,K,D,L,L,E,Q,R,R,A,A,V,D,T,Y,C,R,H,N,Y,G,V,V,E,S,F,T,V,Q,R,R,4
DRB1*04:05,-,-,-,-,-,R,F,L,E,Q,V,K,H,E,C,H,F,F,N,G,T,E,R,V,R,-,F,L,D,R,Y,F,Y,H,Q,E,E,Y,V,R,F,D,S,D,V,G,E,Y,R,A,V,T,E,L,G,R,P,S,A,E,Y,W,N,S,Q,K,D,L,L,E,Q,R,R,A,A,V,D,T,Y,C,R,H,N,Y,G,V,G,E,S,F,T,V,Q,R,R,4
DRB1*04:07,-,-,-,-,-,R,F,L,E,Q,V,K,H,E,C,H,F,F,N,G,T,E,R,V,R,-,F,L,D,R,Y,F,Y,H,Q,E,E,Y,V,R,F,D,S,D,V,G,E,Y,R,A,V,T,E,L,G,R,P,D,A,E,Y,W,N,S,Q,K,D,L,L,E,Q,R,R,A,E,V,D,T,Y,C,R,H,N,Y,G,V,G,E,S,F,T,V,Q,R,R,4
DRB1*07:01,G,D,T,Q,P,R,F,L,W,Q,G,K,Y,K,C,H,F,F,N,G,T,E,R,V,Q,-,F,L,E,R,L,F,Y,N,Q,E,E,F,V,R,F,D,S,D,V,G,E,Y,R,A,V,T,E,L,G,R,P,V,A,E,S,W,N,S,Q,K,D,I,L,E,D,R,R,G,Q,V,D,T,V,C,R,H,N,Y,G,V,G,E,S,F,T,V,Q,R,R,7
DRB1*08:01,-,-,-,-,-,R,F,L,E,Y,S,T,G,E,C,Y,F,F,N,G,T,E,R,V,R,-,F,L,D,R,Y,F,Y,N,Q,E,E,Y,V,R,F,D,S,D,V,G,E,Y,R,A,V,T,E,L,G,R,P,S,A,E,Y,W,N,S,Q,K,D,F,L,E,D,R,R,A,L,V,D,T,Y,C,R,H,N,Y,G,V,G,E,S,F,T,V,Q,R,R,8
DRB1*08:02,G,D,T,R,P,R,F,L,E,Y,S,T,G,E,C,Y,F,F,N,G,T,E,R,V,R,-,F,L,D,R,Y,F,Y,N,Q,E,E,Y,V,R,F,D,S,D,V,G,E,Y,R,A,V,T,E,L,G,R,P,D,A,E,Y,W,N,S,Q,K,D,F,L,E,D,R,R,A,L,V,D,T,Y,C,R,H,N,Y,G,V,G,E,S,F,T,V,Q,R,R,8
DRB1*08:03,-,-,-,-,-,R,F,L,E,Y,S,T,G,E,C,Y,F,F,N,G,T,E,R,V,R,-,F,L,D,R,Y,F,Y,N,Q,E,E,Y,V,R,F,D,S,D,V,G,E,Y,R,A,V,T,E,L,G,R,P,S,A,E,Y,W,N,S,Q,K,D,I,L,E,D,R,R,A,L,V,D,T,Y,C,R,H,N,Y,G,V,G,E,S,F,T,V,Q,R,R,8
DRB1*08:04,-,-,-,-,-,R,F,L,E,Y,S,T,G,E,C,Y,F,F,N,G,T,E,R,V,R,-,F,L,D,R,Y,F,Y,N,Q,E,E,Y,V,R,F,D,S,D,V,G,E,Y,R,A,V,T,E,L,G,R,P,D,A,E,Y,W,N,S,Q,K,D,F,L,E,D,R,R,A,L,V,D,T,Y,C,R,H,N,Y,G,V,V,E,S,F,T,V,Q,R,R,8
DRB1*09:01,-,-,-,-,-,R,F,L,K,Q,D,K,F,E,C,H,F,F,N,G,T,E,R,V,R,-,Y,L,H,R,G,I,Y,N,Q,E,E,N,V,R,F,D,S,D,V,G,E,Y,R,A,V,T,E,L,G,R,P,V,A,E,S,W,N,S,Q,K,D,F,L,E,R,R,R,A,E,V,D,T,V,C,R,H,N,Y,G,V,G,E,S,F,T,V,Q,R,R,9
DRB1*10:01,-,-,-,-,-,R,F,L,E,E,V,K,F,E,C,H,F,F,N,G,T,E,R,V,R,-,L,L,E,R,R,V,H,N,Q,E,E,Y,A,R,Y,D,S,D,V,G,E,Y,R,A,V,T,E,L,G,R,P,D,A,E,Y,W,N,S,Q,K,D,L,L,E,R,R,R,A,A,V,D,T,Y,C,R,H,N,Y,G,V,G,E,S,F,T,V,Q,R,R,10
DRB1*11:01,-,-,-,-,-,R,F,L,E,Y,S,T,S,E,C,H,F,F,N,G,T,E,R,V,R,-,F,L,D,R,Y,F,Y,N,Q,E,E,Y,V,R,F,D,S,D,V,G,E,F,R,A,V,T,E,L,G,R,P,D,E,E,Y,W,N,S,Q,K,D,F,L,E,D,R,R,A,A,V,D,T,Y,C,R,H,N,Y,G,V,G,E,S,F,T,V,Q,R,R,11
DRB1*11:02,-,-,-,-,-,R,F,L,E,Y,S,T,S,E,C,H,F,F,N,G,T,E,R,V,R,-,F,L,D,R,Y,F,Y,N,Q,E,E,Y,V,R,F,D,S,D,V,G,E,F,R,A,V,T,E,L,G,R,P,D,E,E,Y,W,N,S,Q,K,D,I,L,E,D,E,R,A,A,V,D,T,Y,C,R,H,N,Y,G,V,V,E,S,F,T,V,Q,R,R,11
DRB1*11:03,-,-,-,-,-,R,F,L,E,Y,S,T,S,E,C,H,F,F,N,G,T,E,R,V,R,-,F,L,D,R,Y,F,Y,N,Q,E,E,Y,V,R,F,D,S,D,V,G,E,F,R,A,V,T,E,L,G,R,P,D,E,E,Y,W,N,S,Q,K,D,F,L,E,D,E,R,A,A,V,D,T,Y,C,R,H,N,Y,G,V,V,E,S,F,T,V,Q,R,R,11
DRB1*11:04,-,-,-,-,-,R,F,L,E,Y,S,T,S,E,C,H,F,F,N,G,T,E,R,V,R,-,F,L,D,R,Y,F,Y,N,Q,E,E,Y,V,R,F,D,S,D,V,G,E,F,R,A,V,T,E,L,G,R,P,D,E,E,Y,W,N,S,Q,K,D,F,L,E,D,R,R,A,A,V,D,T,Y,C,R,H,N,Y,G,V,V,E,S,F,T,V,Q,R,R,11
DRB1*11:09,G,D,T,R,P,R,F,L,E,Y,S,T,S,E,C,H,F,F,N,G,T,E,R,V,R,-,F,L,D,R,Y,F,H,N,Q,E,E,N,V,R,F,D,S,D,V,G,E,F,R,A,V,T,E,L,G,R,P,D,E,E,Y,W,N,S,Q,K,D,F,L,E,D,R,R,A,A,V,D,T,Y,C,R,H,N,Y,G,V,G,E,S,F,T,V,Q,R,R,11
DRB1*12:01,G,D,T,R,P,R,F,L,E,Y,S,T,G,E,C,Y,F,F,N,G,T,E,R,V,R,-,L,L,E,R,H,F,H,N,Q,E,E,L,L,R,F,D,S,D,V,G,E,F,R,A,V,T,E,L,G,R,P,V,A,E,S,W,N,S,Q,K,D,I,L,E,D,R,R,A,A,V,D,T,Y,C,R,H,N,Y,G,A,V,E,S,F,T,V,Q,R,R,12
DRB1*12:02,G,D,T,R,P,R,F,L,E,Y,S,T,G,E,C,Y,F,F,N,G,T,E,R,V,R,-,L,L,E,R,H,F,H,N,Q,E,E,L,L,R,F,D,S,D,V,G,E,F,R,A,V,T,E,L,G,R,P,V,A,E,S,W,N,S,Q,K,D,F,L,E,D,R,R,A,A,V,D,T,Y,C,R,H,N,Y,G,A,V,E,S,F,T,V,Q,R,R,12
DRB1*13:01,G,D,T,R,P,R,F,L,E,Y,S,T,S,E,C,H,F,F,N,G,T,E,R,V,R,-,F,L,D,R,Y,F,H,N,Q,E,E,N,V,R,F,D,S,D,V,G,E,F,R,A,V,T,E,L,G,R,P,D,A,E,Y,W,N,S,Q,K,D,I,L,E,D,E,R,A,A,V,D,T,Y,C,R,H,N,Y,G,V,V,E,S,F,T,V,Q,R,R,6 13
DRB1*13:02,G,D,T,R,P,R,F,L,E,Y,S,T,S,E,C,H,F,F,N,G,T,E,R,V,R,-,F,L,D,R,Y,F,H,N,Q,E,E,N,V,R,F,D,S,D,V,G,E,F,R,A,V,T,E,L,G,R,P,D,A,E,Y,W,N,S,Q,K,D,I,L,E,D,E,R,A,A,V,D,T,Y,C,R,H,N,Y,G,V,G,E,S,F,T,V,Q,R,R,6 13
DRB1*13:03,-,-,-,-,-,R,F,L,E,Y,S,T,S,E,C,H,F,F,N,G,T,E,R,V,R,-,F,L,D,R,Y,F,Y,N,Q,E,E,Y,V,R,F,D,S,D,V,G,E,Y,R,A,V,T,E,L,G,R,P,S,A,E,Y,W,N,S,Q,K,D,I,L,E,D,K,R,A,A,V,D,T,Y,C,R,H,N,Y,G,V,G,E,S,F,T,V,Q,R,R,6 13
DRB1*14:01,G,D,T,R,P,R,F,L,E,Y,S,T,S,E,C,H,F,F,N,G,T,E,R,V,R,-,F,L,D,R,Y,F,H,N,Q,E,E,F,V,R,F,D,S,D,V,G,E,Y,R,A,V,T,E,L,G,R,P,A,A,E,H,W,N,S,Q,K,D,L,L,E,R,R,R,A,E,V,D,T,Y,C,R,H,N,Y,G,V,V,E,S,F,T,V,Q,R,R,6 14
DRB1*14:02,G,D,T,R,P,R,F,L,E,Y,S,T,S,E,C,H,F,F,N,G,T,E,R,V,R,-,F,L,E,R,Y,F,H,N,Q,E,E,N,V,R,F,D,S,D,V,G,E,Y,R,A,V,T,E,L,G,R,P,D,A,E,Y,W,N,S,Q,K,D,L,L,E,Q,R,R,A,A,V,D,T,Y,C,R,H,N,Y,G,V,G,E,S,F,T,V,Q,R,R,6 14
DRB1*14:06,G,D,T,R,P,R,F,L,E,Y,S,T,S,E,C,H,F,F,N,G,T,E,R,V,R,-,F,L,E,R,Y,F,H,N,Q,E,E,N,V,R,F,D,S,D,V,G,E,Y,R,A,V,T,E,L,G,R,P,D,A,E,Y,W,N,S,Q,K,D,L,L,E,Q,R,R,A,A,V,D,T,Y,C,R,H,N,Y,G,V,V,E,S,F,T,V,Q,R,R,6 14
DRB1*15:01,-,-,-,-,-,R,F,L,W,Q,P,K,R,E,C,H,F,F,N,G,T,E,R,V,R,-,F,L,D,R,Y,F,Y,N,Q,E,E,S,V,R,F,D,S,D,V,G,E,F,R,A,V,T,E,L,G,R,P,D,A,E,Y,W,N,S,Q,K,D,I,L,E,Q,A,R,A,A,V,D,T,Y,C,R,H,N,Y,G,V,V,E,S,F,T,V,Q,R,R,2 15
DRB1*15:02,-,-,-,-,-,R,F,L,W,Q,P,K,R,E,C,H,F,F,N,G,T,E,R,V,R,-,F,L,D,R,Y,F,Y,N,Q,E,E,S,V,R,F,D,S,D,V,G,E,F,R,A,V,T,E,L,G,R,P,D,A,E,Y,W,N,S,Q,K,D,I,L,E,Q,A,R,A,A,V,D,T,Y,C,R,H,N,Y,G,V,G,E,S,F,T,V,Q,R,R,2 15
DRB1*15:03,G,D,T,R,P,R,F,L,W,Q,P,K,R,E,C,H,F,F,N,G,T,E,R,V,R,-,F,L,D,R,H,F,Y,N,Q,E,E,S,V,R,F,D,S,D,V,G,E,F,R,A,V,T,E,L,G,R,P,D,A,E,Y,W,N,S,Q,K,D,I,L,E,Q,A,R,A,A,V,D,T,Y,C,R,H,N,Y,G,V,V,E,S,F,T,V,Q,R,R,2 15
DRB1*16:01,-,-,-,-,-,R,F,L,W,Q,P,K,R,E,C,H,F,F,N,G,T,E,R,V,R,-,F,L,D,R,Y,F,Y,N,Q,E,E,S,V,R,F,D,S,D,V,G,E,Y,R,A,V,T,E,L,G,R,P,D,A,E,Y,W,N,S,Q,K,D,F,L,E,D,R,R,A,A,V,D,T,Y,C,R,H,N,Y,G,V,G,E,S,F,T,V,Q,R,R,2 16
DRB1*16:02,G,D,T,R,P,R,F,L,W,Q,P,K,R,E,C,H,F,F,N,G,T,E,R,V,R,-,F,L,D,R,Y,F,Y,N,Q,E,E,S,V,R,F,D,S,D,V,G,E,Y,R,A,V,T,E,L,G,R,P,D,A,E,Y,W,N,S,Q,K,D,L,L,E,D,R,R,A,A,V,D,T,Y,C,R,H,N,Y,G,V,G,E,S,F,T,V,Q,R,R,2 16
