allele,1,2,3,4,5,6,7,8,9,10,11,12,13,14,15,16,17,18,19,20,21,22,23,24,25,25_INS_1,26,27,28,29,30,31,32,33,34,35,36,37,38,39,40,41,42,43,44,45,46,47,48,49,50,51,52,53,54,55,56,57,58,59,60,61,62,63,64,65,66,67,68,69,70,71,72,73,74,75,76,77,78,79,80,81,82,83,84,85,86,87,88,89,90,91,92,93,94
DRB5*01:01:01:01,G,D,T,R,P,R,F,L,Q,Q,D,K,Y,E,C,H,F,F,N,G,T,E,R,V,R,-,F,L,H,R,D,I,Y,N,Q,E,E,D,L,R,F,D,S,D,V,G,E,Y,R,A,V,T,E,L,G,R,P,D,A,E,Y,W,N,S,Q,K,D,F,L,E,D,R,R,A,A,V,D,T,Y,C,R,H,N,Y,G,V,G,E,S,F,T,V,Q,R,R
DRB5*01:01:01:02,G,D,T,R,P,R,F,L,Q,Q,D,K,Y,E,C,H,F,F,N,G,T,E,R,V,R,-,F,L,H,R,D,I,Y,N,Q,E,E,D,L,R,F,D,S,D,V,G,E,Y,R,A,V,T,E,L,G,R,P,D,A,E,Y,W,N,S,Q,K,D,F,L,E,D,R,R,A,A,V,D,T,Y,C,R,H,N,Y,G,V,G,E,S,F,T,V,Q,R,R
DRB5*01:01:01:03,G,D,T,R,P,R,F,L,Q,Q,D,K,Y,E,C,H,F,F,N,G,T,E,R,V,R,-,F,L,H,R,D,I,Y,N,Q,E,E,D,L,R,F,D,S,D,V,G,E,Y,R,A,V,T,E,L,G,R,P,D,A,E,Y,W,N,S,Q,K,D,F,L,E,D,R,R,A,A,V,D,T,Y,C,R,H,N,Y,G,V,G,E,S,F,T,V,Q,R,R
DRB5*01:01:01:04,G,D,T,R,P,R,F,L,Q,Q,D,K,Y,E,C,H,F,F,N,G,T,E,R,V,R,-,F,L,H,R,D,I,Y,N,Q,E,E,D,L,R,F,D,S,D,V,G,E,Y,R,A,V,T,E,L,G,R,P,D,A,E,Y,W,N,S,Q,K,D,F,L,E,D,R,R,A,A,V,D,T,Y,C,R,H,N,Y,G,V,G,E,S,F,T,V,Q,R,R
DRB5*01:01:02,-,-,-,-,-,R,F,L,Q,Q,D,K,Y,E,C,H,F,F,N,G,T,E,R,V,R,-,F,L,H,R,D,I,Y,N,Q,E,E,D,L,R,F,D,S,D,V,G,E,Y,R,A,V,T,E,L,G,R,P,D,A,E,Y,W,N,S,Q,K,D,F,L,E,D,R,R,A,A,V,D,T,Y,C,R,H,N,Y,G,V,G,E,S,F,T,-,-,-,-
DRB5*01:01:03,-,-,-,-,-,R,F,L,Q,Q,D,K,Y,E,C,H,F,F,N,G,T,E,R,V,R,-,F,L,H,R,D,I,Y,N,Q,E,E,D,L,R,F,D,S,D,V,G,E,Y,R,A,V,T,E,L,G,R,P,D,A,E,Y,W,N,S,Q,K,D,F,L,E,D,R,R,A,A,V,D,T,Y,C,R,H,N,Y,G,V,G,E,S,F,T,V,Q,R,R
DRB5*01:01:04,-,-,-,-,-,R,F,L,Q,Q,D,K,Y,E,C,H,F,F,N,G,T,E,R,V,R,-,F,L,H,R,D,I,Y,N,Q,E,E,D,L,R,F,D,S,D,V,G,E,Y,R,A,V,T,E,L,G,R,P,D,A,E,Y,W,N,S,Q,K,D,F,L,E,D,R,R,A,A,V,D,T,Y,C,R,H,N,Y,G,V,G,E,S,F,T,V,Q,R,R
DRB5*01:01:05,-,-,-,-,-,R,F,L,Q,Q,D,K,Y,E,C,H,F,F,N,G,T,E,R,V,R,-,F,L,H,R,D,I,Y,N,Q,E,E,D,L,R,F,D,S,D,V,G,E,Y,R,A,V,T,E,L,G,R,P,D,A,E,Y,W,N,S,Q,K,D,F,L,E,D,R,R,A,A,V,D,T,Y,C,R,H,N,Y,G,V,G,E,S,F,T,V,Q,R,R
DRB5*01:01:06,-,-,-,-,-,R,F,L,Q,Q,D,K,Y,E,C,H,F,F,N,G,T,E,R,V,R,-,F,L,H,R,D,I,Y,N,Q,E,E,D,L,R,F,D,S,D,V,G,E,Y,R,A,V,T,E,L,G,R,P,D,A,E,Y,W,N,S,Q,K,D,F,L,E,D,R,R,A,A,V,D,T,Y,C,R,H,N,Y,G,V,G,E,S,F,T,V,Q,R,R
DRB5*01:01:07,-,-,-,-,-,R,F,L,Q,Q,D,K,Y,E,C,H,F,F,N,G,T,E,R,V,R,-,F,L,H,R,D,I,Y,N,Q,E,E,D,L,R,F,D,S,D,V,G,E,Y,R,A,V,T,E,L,G,R,P,D,A,E,Y,W,N,S,Q,K,D,F,L,E,D,R,R,A,A,V,D,T,Y,C,R,H,N,Y,G,V,G,E,S,F,T,V,Q,R,R
DRB5*01:02:01,G,D,T,R,P,R,F,L,Q,Q,D,K,Y,E,C,H,F,F,N,G,T,E,R,V,R,-,F,L,H,R,G,I,Y,N,Q,E,E,N,V,R,F,D,S,D,V,G,E,Y,R,A,V,T,E,L,G,R,P,D,A,E,Y,W,N,S,Q,K,D,F,L,E,D,R,R,A,A,V,D,T,Y,C,R,H,N,Y,G,V,G,E,S,F,T,V,Q,R,R
DRB5*01:02:02,-,-,-,-,-,R,F,L,Q,Q,D,K,Y,E,C,H,F,F,N,G,T,E,R,V,R,-,F,L,H,R,G,I,Y,N,Q,E,E,N,V,R,F,D,S,D,V,G,E,Y,R,A,V,T,E,L,G,R,P,D,A,E,Y,W,N,S,Q,K,D,F,L,E,D,R,R,A,A,V,D,T,Y,C,R,H,N,Y,G,V,G,E,S,F,T,V,Q,R,R
DRB5*01:03,G,D,T,R,P,R,F,L,Q,Q,D,K,Y,E,C,H,F,F,N,G,T,E,R,V,R,-,F,L,H,R,G,I,Y,N,Q,E,E,N,V,R,F,D,S,D,V,G,E,Y,R,A,V,T,E,L,G,R,P,D,A,E,Y,W,N,S,Q,K,D,F,L,E,D,T,R,A,A,V,D,T,Y,C,R,H,N,Y,G,V,G,E,S,F,T,V,Q,R,R
DRB5*01:04,G,D,T,R,P,R,F,L,Q,Q,D,K,Y,E,C,H,F,F,N,G,T,E,R,V,R,-,F,L,H,R,D,I,Y,N,Q,E,E,D,L,R,F,D,S,D,V,G,E,Y,R,A,V,T,E,L,G,R,P,D,A,E,Y,W,N,S,Q,K,D,F,L,E,D,R,R,A,L,V,D,T,Y,C,R,H,N,Y,G,V,G,E,S,F,T,V,Q,R,R
DRB5*01:05,-,-,-,-,-,R,F,L,Q,Q,D,K,Y,E,C,H,F,F,N,G,T,E,R,V,R,-,F,L,H,R,D,I,Y,N,Q,E,E,D,V,R,F,D,S,D,V,G,E,Y,R,A,V,T,E,L,G,R,P,D,A,E,Y,W,N,S,Q,K,D,F,L,E,D,R,R,A,A,V,D,T,Y,C,R,H,N,Y,G,V,G,E,S,F,T,V,Q,R,-
DRB5*01:06,-,-,-,-,-,R,F,L,Q,Q,D,K,Y,E,C,H,F,F,N,G,T,E,R,V,R,-,F,L,H,R,D,I,Y,N,Q,E,E,D,L,R,F,D,S,D,V,G,E,Y,R,A,V,T,E,L,G,R,P,D,A,E,Y,W,N,S,Q,K,D,I,L,E,Q,A,R,A,A,V,D,T,Y,C,R,H,N,Y,G,A,V,E,S,F,T,V,Q,R,R
DRB5*01:07,-,-,-,-,-,R,F,L,Q,Q,D,K,Y,E,C,H,F,F,N,G,T,E,R,V,R,-,F,L,H,R,D,I,Y,N,Q,E,E,D,L,R,F,D,S,D,V,G,E,Y,R,A,V,T,E,L,G,R,P,D,A,E,Y,W,N,S,Q,K,D,I,L,E,D,R,R,A,A,V,D,T,Y,C,R,H,N,Y,G,V,G,-,-,-,-,-,-,-,-
DRB5*01:08:01N,G,D,T,R,P,R,F,L,Q,Q,D,K,Y,E,C,H,F,F,N,G,T,E,R,V,R,-,F,L,H,R,G,I,Y,N,Q,E,E,N,V,R,F,D,S,D,V,G,E,Y,R,A,V,T,E,L,G,R,P,D,A,E,Y,W,N,S,Q,K,D,F,L,E,D,R,R,A,A,V,D,T,Y,C,R,H,N,Y,G,V,G,E,S,F,T,V,Q,R,R
DRB5*01:08:02N,-,-,-,-,-,R,F,L,Q,Q,D,K,Y,E,C,H,F,F,N,G,T,E,R,V,R,-,F,L,H,R,G,I,Y,N,Q,E,E,N,V,R,F,D,S,D,V,G,E,Y,R,A,V,T,E,L,G,R,P,D,A,E,Y,W,N,S,Q,K,D,F,L,E,D,R,R,A,A,V,D,T,Y,C,R,H,N,Y,G,V,G,E,S,F,T,V,Q,R,R
DRB5*01:09,-,-,-,-,-,R,F,L,Q,Q,D,K,Y,E,C,H,F,F,N,G,T,E,R,V,R,-,F,L,H,R,D,I,Y,N,Q,E,E,D,L,R,F,D,S,D,V,G,E,Y,R,A,V,T,E,L,G,R,P,D,A,E,Y,W,N,S,Q,K,D,F,L,E,N,R,R,A,A,V,D,T,Y,C,R,H,N,Y,G,V,G,-,-,-,-,-,-,-,-
DRB5*01:10N,-,-,-,-,-,R,F,L,Q,Q,D,K,Y,E,C,H,F,F,N,G,T,E,R,V,R,-,F,L,H,R,G,I,Y,N,Q,E,E,N,V,R,F,D,S,D,V,G,E,Y,R,A,V,T,E,L,G,R,P,D,A,E,Y,W,N,S,Q,K,D,F,L,E,D,R,R,A,A,V,D,T,Y,C,T,Q,L,R,G,W,X,-,-,-,-,-,-,-,-
DRB5*01:11,-,-,-,-,-,R,F,L,Q,Q,D,K,Y,E,C,H,F,F,N,G,T,E,R,V,R,-,F,L,H,R,D,I,Y,N,Q,E,E,D,L,R,F,D,S,D,V,G,E,Y,R,A,V,T,E,L,G,R,P,D,A,E,Y,W,N,S,Q,K,D,I,L,E,Q,A,R,A,A,V,D,T,Y,C,R,H,N,Y,G,V,G,E,S,F,T,V,Q,R,R
DRB5*01:12,-,-,-,-,-,R,F,L,Q,Q,D,K,Y,E,C,H,F,F,N,G,T,E,R,V,R,-,F,L,H,R,D,I,Y,N,Q,E,E,D,L,R,F,D,S,D,V,G,E,Y,R,A,V,T,E,L,G,R,P,D,A,E,S,W,N,S,Q,K,D,F,L,E,R,R,R,A,E,V,D,T,V,C,R,H,N,Y,G,V,G,E,S,F,T,V,Q,R,R
DRB5*01:13,-,-,-,-,-,R,F,L,Q,Q,D,K,Y,E,C,H,F,F,N,G,T,E,R,V,R,-,F,L,H,R,D,I,Y,N,Q,E,E,D,L,R,F,D,S,D,V,G,E,Y,R,A,V,T,E,L,G,R,P,D,E,E,Y,W,N,S,Q,K,D,F,L,E,D,R,R,A,A,V,D,T,Y,C,R,H,N,Y,G,V,G,E,S,F,T,V,Q,R,R
DRB5*01:14,-,-,-,-,-,R,F,L,Q,Q,D,K,Y,E,C,H,F,F,N,G,T,E,R,V,R,-,F,L,H,R,D,I,Y,N,Q,E,E,Y,V,R,F,D,S,D,V,G,E,Y,R,A,V,T,E,L,G,R,P,D,A,E,Y,W,N,S,Q,K,D,F,L,E,D,R,R,A,A,V,D,T,Y,C,R,H,N,Y,G,V,G,E,S,F,T,V,Q,R,R
DRB5*01:15,-,-,-,-,-,R,F,L,Q,Q,D,K,Y,E,C,H,F,F,N,G,T,E,R,V,R,-,F,L,H,R,D,I,Y,N,Q,E,E,D,L,R,F,D,S,D,V,G,E,Y,R,A,V,T,E,L,G,R,P,D,A,E,Y,W,N,S,Q,K,D,F,L,E,D,R,R,A,A,V,D,T,V,C,R,H,N,Y,G,V,G,E,S,F,T,V,Q,R,R
DRB5*01:16,-,-,-,-,-,R,F,L,Q,Q,D,K,Y,E,C,H,F,F,N,G,T,E,R,V,R,-,F,L,H,R,D,I,Y,N,Q,E,E,D,L,R,F,D,S,D,V,G,E,Y,R,A,V,T,E,L,G,R,P,D,A,E,Y,W,N,S,Q,K,D,F,L,E,D,R,R,A,A,V,D,T,Y,C,R,H,N,Y,G,V,G,E,S,F,T,V,Q,R,R
DRB5*01:17,-,-,-,-,-,R,F,L,Q,Q,D,K,Y,E,C,H,F,F,N,G,T,E,R,V,R,-,F,L,H,R,D,I,Y,N,Q,E,E,D,L,R,F,G,S,D,V,G,E,Y,R,A,V,T,E,L,G,R,P,D,A,E,Y,W,N,S,Q,K,D,F,L,E,D,R,R,A,A,V,D,T,Y,C,R,H,N,Y,G,V,G,E,S,F,T,V,Q,R,R
DRB5*01:18,-,-,-,-,-,R,F,L,Q,Q,D,K,Y,E,C,H,F,F,N,G,T,E,R,V,R,-,F,L,H,R,D,I,Y,N,Q,E,E,D,L,R,F,D,S,D,V,G,E,Y,R,A,V,T,E,L,G,R,P,D,A,E,Y,W,N,S,Q,K,D,F,L,E,D,R,R,A,A,V,D,T,Y,C,R,H,N,Y,G,V,G,E,S,F,T,V,Q,P,R
DRB5*01:19,-,-,-,-,-,R,F,L,Q,Q,D,K,Y,E,C,H,F,F,N,R,T,E,R,V,R,-,F,L,H,R,D,I,Y,N,Q,E,E,D,L,R,F,D,S,D,V,G,E,Y,R,A,V,T,E,L,G,R,P,D,A,E,Y,W,N,S,Q,K,D,F,L,E,D,R,R,A,A,V,D,T,Y,C,R,H,N,Y,G,V,G,E,S,F,T,V,Q,R,R
DRB5*01:20,-,-,-,-,-,C,F,L,Q,Q,D,K,Y,E,C,H,F,F,N,G,T,E,R,V,R,-,F,L,H,R,G,I,Y,N,Q,E,E,N,V,R,F,D,S,D,V,G,E,Y,R,A,V,T,E,L,G,R,P,D,A,E,Y,W,N,S,Q,K,D,F,L,E,D,R,R,A,A,V,D,T,Y,C,R,H,N,Y,G,V,G,E,S,F,T,V,Q,R,R
DRB5*01:21,-,-,-,-,-,C,F,L,Q,Q,D,K,Y,E,C,H,F,F,N,G,T,E,R,V,R,-,F,L,H,R,D,I,Y,N,Q,E,E,D,L,R,F,D,S,D,V,G,E,Y,R,A,V,T,E,L,G,R,P,D,A,E,Y,W,N,S,Q,K,D,I,L,E,Q,A,R,A,A,V,D,T,Y,C,R,H,N,Y,G,A,V,E,S,F,T,V,Q,R,R
DRB5*01:22:01,-,-,-,-,-,R,F,L,Q,Q,D,K,Y,E,C,H,F,F,N,G,T,E,R,V,R,-,F,L,H,R,D,I,Y,N,Q,E,E,D,L,R,F,D,S,D,V,G,E,Y,R,A,V,T,E,L,G,R,P,D,A,E,Y,W,N,S,Q,K,D,L,L,E,D,R,R,A,A,V,D,T,Y,C,R,H,N,Y,G,V,G,E,S,F,T,V,Q,R,R
DRB5*01:22:02,-,-,-,-,-,R,F,L,Q,Q,D,K,Y,E,C,H,F,F,N,G,T,E,R,V,R,-,F,L,H,R,D,I,Y,N,Q,E,E,D,L,R,F,D,S,D,V,G,E,Y,R,A,V,T,E,L,G,R,P,D,A,E,Y,W,N,S,Q,K,D,L,L,E,D,R,R,A,A,V,D,T,Y,C,R,H,N,Y,G,V,G,E,S,F,T,V,Q,R,R
DRB5*01:23,-,-,-,-,-,R,F,L,Q,Q,D,K,Y,E,C,H,F,F,N,G,T,E,R,V,R,-,F,L,H,R,D,I,Y,N,Q,E,E,D,L,R,F,D,S,H,V,G,E,Y,R,A,V,T,E,L,G,R,P,D,A,E,Y,W,N,S,Q,K,D,F,L,E,D,R,R,A,A,V,D,T,Y,C,R,H,N,Y,G,V,G,E,S,F,T,V,Q,R,R
DRB5*01:24,-,-,-,-,-,R,F,L,Q,Q,D,K,Y,E,C,H,F,F,N,G,T,E,R,V,R,-,F,L,H,R,D,I,Y,N,Q,E,E,D,L,R,F,D,S,D,V,G,E,Y,P,A,V,T,E,L,G,R,P,D,A,E,Y,W,N,S,Q,K,D,F,L,E,D,R,R,A,A,V,D,T,Y,C,R,H,N,Y,G,V,G,E,S,F,T,V,Q,R,R
DRB5*01:25,-,-,-,-,-,R,F,L,Q,Q,D,K,Y,E,C,H,F,F,N,G,T,E,R,V,R,-,F,L,H,R,G,I,Y,N,Q,E,E,N,V,R,F,D,S,D,V,G,E,Y,R,A,V,T,E,L,G,W,P,D,A,E,Y,W,N,S,Q,K,D,F,L,E,D,R,R,A,A,V,D,T,Y,C,R,H,N,Y,G,V,G,E,S,F,T,V,Q,R,R
DRB5*01:26,-,-,-,-,-,R,F,L,P,Q,D,K,Y,E,C,H,F,F,N,G,T,E,R,V,R,-,F,L,H,R,D,I,Y,N,Q,E,E,D,L,R,F,D,S,D,V,G,E,Y,R,A,V,T,E,L,G,R,P,D,A,E,Y,W,N,S,Q,K,D,F,L,E,D,R,R,A,A,V,D,T,Y,C,R,H,N,Y,G,V,G,E,S,F,T,V,Q,R,R
DRB5*01:27N,-,-,-,-,-,R,F,L,Q,Q,D,K,Y,E,C,H,F,F,N,G,T,E,R,V,R,-,F,L,H,R,G,I,Y,N,Q,E,E,N,V,R,F,D,S,D,V,G,E,Y,R,A,V,T,E,L,G,R,P,D,A,E,Y,W,N,S,Q,K,D,F,L,E,D,R,R,A,A,V,D,T,Y,C,R,H,N,X,-,-,-,-,-,-,-,-,-,-,-
DRB5*01:28,-,-,-,-,-,R,F,L,Q,Q,D,K,Y,E,C,H,F,F,N,G,T,E,R,V,R,-,F,L,H,R,D,I,Y,N,Q,E,E,N,V,R,F,D,S,D,V,G,E,Y,R,A,V,T,E,L,G,R,P,D,A,E,Y,W,N,S,Q,K,D,F,L,E,D,R,R,A,A,V,D,T,Y,C,R,H,N,Y,G,V,G,E,S,F,T,V,Q,R,R
DRB5*01:29,-,-,-,-,-,R,F,L,Q,Q,D,K,Y,E,C,H,F,F,T,G,T,E,R,V,R,-,F,L,H,R,D,I,Y,N,Q,E,E,D,L,R,F,D,S,D,V,G,E,Y,R,A,V,T,E,L,G,R,P,D,A,E,Y,W,N,S,Q,K,D,F,L,E,D,R,R,A,A,V,D,T,Y,C,R,H,N,Y,G,V,G,E,S,F,T,V,Q,R,R
DRB5*01:30,-,-,-,-,-,R,F,L,Q,Q,D,K,Y,E,C,H,F,F,N,G,T,E,R,V,R,-,F,L,H,R,D,I,Y,N,Q,E,E,D,L,R,F,D,S,D,V,G,E,Y,R,A,V,T,E,L,G,Q,P,D,A,E,Y,W,N,S,Q,K,D,F,L,E,D,R,R,A,A,V,D,T,Y,C,R,H,N,Y,G,V,G,E,S,F,T,V,Q,R,R
DRB5*01:31,-,-,-,-,-,R,F,L,Q,Q,D,K,Y,E,C,H,F,F,N,G,T,E,R,V,R,-,F,L,H,R,D,I,Y,N,Q,E,E,D,L,R,F,D,S,D,V,G,E,Y,R,A,V,T,E,L,G,R,P,D,A,E,Y,W,N,S,Q,K,D,F,L,E,D,R,R,A,A,V,D,T,Y,C,R,H,N,Y,G,V,V,E,S,F,T,V,Q,R,R
DRB5*01:32,-,-,-,-,-,R,F,L,Q,Q,D,K,Y,E,C,H,F,F,N,G,T,E,R,M,R,-,F,L,H,R,G,I,Y,N,Q,E,E,N,V,R,F,D,S,D,V,G,E,Y,R,A,V,T,E,L,G,R,P,D,A,E,Y,W,N,S,Q,K,D,F,L,E,D,R,R,A,A,V,D,T,Y,C,R,H,N,Y,G,V,G,E,S,F,T,V,Q,R,R
DRB5*01:33,-,-,-,-,-,R,F,L,Q,Q,D,K,Y,E,C,H,F,F,N,G,T,E,R,V,R,-,F,L,H,R,D,I,Y,N,K,E,E,D,L,R,F,D,S,D,V,G,E,Y,R,A,V,T,E,L,G,R,P,D,A,E,Y,W,N,S,Q,K,D,F,L,E,D,R,R,A,A,V,D,T,Y,C,R,H,N,Y,G,V,G,E,S,F,T,V,Q,R,R
DRB5*01:34,-,-,-,-,-,R,F,L,Q,Q,D,K,Y,E,C,H,F,F,N,G,T,E,R,V,R,-,F,L,H,R,D,I,Y,N,Q,E,E,D,L,R,F,D,S,D,V,G,E,F,R,A,V,T,E,L,G,R,P,D,A,E,Y,W,N,S,Q,K,D,F,L,E,D,R,R,A,A,V,D,T,Y,C,R,H,N,Y,G,V,G,E,S,F,T,V,Q,R,R
DRB5*01:35,-,-,-,-,-,R,F,L,Q,Q,D,K,Y,E,C,H,F,F,N,G,T,E,R,V,R,-,F,L,H,R,G,I,Y,N,Q,E,E,N,V,R,F,D,S,D,V,G,E,F,R,A,V,T,E,L,G,R,P,D,A,E,Y,W,N,S,Q,K,D,F,L,E,D,R,R,A,A,V,D,T,Y,C,R,H,N,Y,G,V,G,E,S,F,T,V,Q,R,R
DRB5*01:36,-,-,-,-,-,R,F,L,Q,Q,D,K,Y,E,C,H,F,F,N,G,T,E,R,V,R,-,F,L,H,R,D,I,Y,N,Q,E,E,D,L,R,F,D,S,D,V,G,E,Y,R,A,V,T,E,L,G,R,P,D,A,E,Y,W,N,S,E,K,D,F,L,E,D,R,R,A,A,V,D,T,Y,C,R,H,N,Y,G,V,G,E,S,F,T,V,Q,R,R
DRB5*01:37,-,-,-,-,-,R,F,L,Q,Q,D,K,Y,E,C,H,F,F,N,G,T,E,R,V,R,-,F,L,H,R,D,I,Y,N,Q,E,E,D,L,R,F,D,S,D,V,G,E,Y,R,A,V,T,E,L,G,R,P,D,A,E,Y,W,N,S,Q,K,D,F,L,E,G,R,R,A,A,V,D,T,Y,C,R,H,N,Y,G,V,G,E,S,F,T,V,Q,R,R
DRB5*01:38,-,-,-,-,-,R,F,L,Q,Q,D,K,Y,E,C,H,F,F,N,G,T,E,R,V,R,-,F,L,H,R,D,I,Y,N,Q,E,E,D,L,L,F,D,S,D,V,G,E,Y,R,A,V,T,E,L,G,R,P,D,A,E,Y,W,N,S,Q,K,D,F,L,E,D,R,R,A,A,V,D,T,Y,C,R,H,N,Y,G,V,G,E,S,F,T,V,Q,R,R
DRB5*01:39,-,-,-,-,-,R,F,L,Q,Q,D,R,Y,E,C,H,F,F,N,G,T,E,R,V,R,-,F,L,H,R,G,I,Y,N,Q,E,E,N,V,R,F,D,S,D,V,G,E,Y,R,A,V,T,E,L,G,R,P,D,A,E,Y,W,N,S,Q,K,D,F,L,E,D,R,R,A,A,V,D,T,Y,C,R,H,N,Y,G,V,G,E,S,F,T,V,Q,R,R
DRB5*01:40,-,-,-,-,-,R,F,L,Q,Q,D,K,Y,E,C,H,F,F,N,G,T,E,R,V,R,-,F,L,H,R,D,I,Y,N,Q,E,E,D,L,R,F,D,S,D,V,G,E,Y,R,A,V,T,E,L,G,R,P,D,A,E,Y,W,N,S,Q,K,D,F,L,E,D,R,R,A,A,V,D,T,Y,C,R,H,N,Y,G,V,G,E,S,F,T,V,Q,R,R
DRB5*01:41,-,-,-,-,-,R,F,L,Q,Q,D,K,Y,E,C,H,F,F,N,G,T,E,R,V,R,-,F,L,H,R,D,I,Y,N,Q,E,E,D,L,R,F,D,S,D,V,G,E,F,R,A,V,T,E,L,G,R,P,D,E,E,Y,W,N,S,Q,K,D,F,L,E,D,R,R,A,A,V,D,T,Y,C,R,H,N,Y,G,V,G,E,S,F,T,V,Q,R,R
DRB5*01:42,-,-,-,-,-,R,F,L,Q,Q,D,K,Y,E,C,H,F,F,N,G,T,E,R,V,R,-,F,L,H,R,D,I,Y,N,Q,E,E,D,L,R,F,D,S,D,V,G,E,Y,R,A,V,T,E,L,G,R,P,D,A,E,Y,W,N,S,Q,K,D,F,L,E,D,R,R,A,A,V,D,T,Y,C,R,H,N,Y,G,V,G,E,S,F,T,V,Q,R,R
DRB5*01:43,-,-,-,-,-,C,F,L,Q,Q,D,K,Y,E,C,H,F,F,N,G,T,E,R,V,R,-,F,L,H,R,D,I,Y,N,Q,E,E,D,L,R,F,D,S,D,V,G,E,Y,R,A,V,T,E,L,G,R,P,D,A,E,Y,W,N,S,Q,K,D,F,L,E,Q,A,R,A,A,V,D,T,Y,C,R,H,N,Y,G,A,V,E,S,F,T,V,Q,R,R
DRB5*01:44,-,-,-,-,-,R,F,L,Q,Q,D,K,Y,E,C,H,F,F,N,G,T,E,R,V,R,-,F,L,H,R,D,I,Y,N,Q,E,E,D,L,R,F,D,S,D,V,G,E,Y,R,A,V,T,E,L,G,R,P,D,A,E,Y,W,N,S,Q,K,D,F,L,E,D,R,R,A,A,V,D,T,Y,C,R,H,N,Y,G,A,V,E,S,F,T,V,Q,R,R
DRB5*01:45,-,-,-,-,-,R,F,L,Q,Q,D,K,Y,E,C,H,F,F,N,G,T,E,R,V,R,-,F,L,H,R,D,I,Y,N,Q,E,E,D,L,R,F,D,S,D,V,G,E,Y,R,A,V,T,E,L,G,R,P,D,A,E,Y,W,N,S,Q,K,D,F,L,E,D,R,R,A,A,V,D,T,Y,C,R,H,N,Y,G,V,G,E,S,F,T,V,Q,R,R
DRB5*01:46,-,-,-,-,-,R,F,L,Q,Q,D,K,Y,E,C,H,F,F,N,G,T,E,R,V,R,-,F,L,H,R,G,I,Y,N,Q,E,E,N,V,R,F,D,S,D,V,G,E,Y,R,A,V,T,E,L,G,R,P,D,A,E,Y,W,N,S,Q,K,D,I,L,E,D,R,R,A,A,V,D,T,Y,C,R,H,N,Y,G,V,G,E,S,F,T,V,Q,R,R
DRB5*01:47,-,-,-,-,-,C,F,L,Q,Q,D,K,Y,E,C,H,F,F,N,G,T,E,R,V,R,-,F,L,H,R,D,I,Y,N,Q,E,E,D,L,R,F,D,S,D,V,G,E,Y,R,A,V,T,E,L,G,R,P,D,A,E,Y,W,N,S,Q,K,D,F,L,E,D,R,R,A,A,V,D,T,Y,C,R,H,N,Y,G,V,G,E,S,F,T,V,Q,R,R
DRB5*01:48N,-,-,-,-,-,R,F,L,Q,Q,D,K,Y,E,C,H,F,F,N,G,T,E,R,V,R,-,F,L,H,R,D,I,Y,N,Q,E,E,D,L,R,F,D,S,D,V,G,E,Y,R,A,V,T,E,L,G,R,P,D,A,E,X,-,-,-,-,-,-,-,-,-,-,-,-,-,-,-,-,-,-,-,-,-,-,-,-,-,-,-,-,-,-,-,-,-,-
DRB5*01:49N,-,-,-,-,-,R,F,L,Q,Q,D,K,Y,E,C,H,F,F,N,G,T,E,R,V,R,-,F,L,H,R,D,I,Y,N,Q,E,E,D,L,R,F,D,S,D,V,G,E,Y,R,A,V,T,E,L,G,R,P,D,A,E,Y,W,N,S,Q,K,D,F,L,E,D,R,R,A,A,V,D,T,Y,C,R,H,N,Y,G,V,G,E,S,F,T,V,Q,R,R
DRB5*01:50,-,-,-,-,-,R,F,L,Q,Q,D,K,Y,E,C,H,F,F,N,G,T,E,R,V,R,-,F,L,H,R,D,I,Y,N,Q,E,E,D,L,R,F,D,S,D,V,G,E,Y,R,A,V,T,E,L,G,R,P,D,A,E,Y,W,N,S,Q,K,D,F,L,E,D,R,R,A,A,V,D,T,Y,C,R,H,N,Y,G,V,G,G,S,F,T,V,Q,R,R
DRB5*01:51,-,-,-,-,-,R,F,L,Q,Q,D,K,Y,E,C,H,F,F,N,G,T,E,R,V,R,-,F,L,H,R,D,I,Y,N,Q,E,E,D,L,R,F,D,S,D,V,G,E,Y,R,A,V,T,E,L,G,R,P,E,A,E,Y,W,N,S,Q,K,D,F,L,E,D,R,R,A,A,V,D,T,Y,C,R,H,N,Y,G,V,G,E,S,F,T,V,Q,R,R
DRB5*01:52N,-,-,-,-,-,R,F,L,Q,Q,D,K,Y,E,C,H,F,F,N,G,T,E,R,V,R,-,F,L,H,R,D,I,Y,N,Q,G,G,L,A,L,R,Q,R,R,G,G,V,P,G,G,D,G,A,G,A,A,X,-,-,-,-,-,-,-,-,-,-,-,-,-,-,-,-,-,-,-,-,-,-,-,-,-,-,-,-,-,-,-,-,-,-,-,-,-,-
DRB5*01:53N,-,-,-,-,-,R,F,L,Q,Q,D,K,Y,E,C,H,F,F,N,G,T,E,R,V,R,-,F,L,H,R,D,I,Y,N,Q,E,E,D,L,R,F,D,S,D,V,G,E,Y,R,A,V,T,E,L,W,G,G,L,T,L,S,T,G,T,A,R,R,T,S,W,K,T,G,A,P,R,W,T,P,T,A,D,T,T,T,G,L,V,R,A,S,Q,C,S,G
DRB5*01:54,-,-,-,-,-,R,F,L,Q,Q,D,K,Y,E,C,H,F,F,N,G,T,E,R,V,R,-,F,L,H,R,D,I,C,N,Q,E,E,D,L,R,F,D,S,D,V,G,E,Y,R,A,V,T,E,L,G,R,P,D,A,E,Y,W,N,S,Q,K,D,F,L,E,D,R,R,A,A,V,D,T,Y,C,R,H,N,Y,G,V,G,E,S,F,T,V,Q,R,R
DRB5*01:55,-,-,-,-,-,R,F,L,Q,Q,D,K,Y,E,C,H,F,F,N,G,T,E,R,V,R,-,F,L,H,R,D,I,Y,N,Q,E,E,D,L,R,F,D,S,D,V,G,E,Y,R,A,V,T,E,L,G,R,P,D,A,E,Y,W,N,S,Q,K,D,F,L,E,Q,A,R,A,A,V,D,T,Y,C,R,H,N,Y,G,A,V,E,S,F,T,V,Q,R,R
DRB5*01:56,-,-,-,-,-,R,F,L,Q,Q,D,K,Y,E,C,H,F,F,N,G,T,E,R,V,R,-,F,L,H,R,G,I,Y,N,Q,E,E,N,V,R,F,D,S,D,V,G,E,Y,R,A,V,T,E,L,G,R,P,D,A,E,Y,W,N,S,Q,K,D,F,L,E,D,R,R,A,A,V,D,T,Y,C,R,H,N,Y,G,V,G,E,S,F,T,V,Q,P,R
DRB5*01:57,-,-,-,-,-,R,F,L,Q,Q,D,K,Y,E,C,H,F,F,N,W,T,E,R,V,R,-,F,L,H,R,D,I,Y,N,Q,E,E,D,L,R,F,D,S,D,V,G,E,Y,R,A,V,T,E,L,G,R,P,D,A,E,Y,W,N,S,Q,K,D,F,L,E,D,R,R,A,A,V,D,T,Y,C,R,H,N,Y,G,V,G,E,S,F,T,V,Q,R,R
DRB5*01:58N,-,-,-,-,-,R,F,L,Q,Q,D,K,Y,E,C,H,F,F,N,G,T,E,R,V,R,-,F,L,H,R,D,I,Y,N,Q,E,E,D,L,R,F,D,S,D,V,G,E,Y,R,A,V,T,E,L,G,R,P,D,A,E,Y,W,N,S,Q,K,D,F,L,E,D,R,R,G,P,R,W,T,P,T,A,D,T,T,T,G,L,V,R,A,S,Q,C,S,G
DRB5*01:59,-,-,-,-,-,R,F,L,Q,Q,D,K,Y,E,C,H,F,F,N,G,T,E,R,V,R,-,F,L,H,R,G,I,Y,N,Q,E,E,N,V,R,F,D,N,D,V,G,E,Y,R,A,V,T,E,L,G,R,P,D,A,E,Y,W,N,S,Q,K,D,F,L,E,D,R,R,A,A,V,D,T,Y,C,R,H,N,Y,G,V,G,E,S,F,T,V,Q,R,R
DRB5*01:60,-,-,-,-,-,R,F,L,Q,Q,D,K,Y,E,C,H,F,F,N,G,T,E,W,V,R,-,F,L,H,R,G,I,Y,N,Q,E,E,N,V,R,F,D,S,D,V,G,E,Y,R,A,V,T,E,L,G,R,P,D,A,E,Y,W,N,S,Q,K,D,F,L,E,D,R,R,A,A,V,D,T,Y,C,R,H,N,Y,G,V,G,E,S,F,T,V,Q,R,R
DRB5*01:61,-,-,-,-,-,R,F,L,Q,Q,D,K,Y,E,C,H,F,F,N,G,T,E,R,V,R,-,F,L,H,R,G,I,Y,N,Q,E,E,K,V,R,F,D,S,D,V,G,E,Y,R,A,V,T,E,L,G,R,P,D,A,E,Y,W,N,S,Q,K,D,F,L,E,D,R,R,A,A,V,D,T,Y,C,R,H,N,Y,G,V,G,E,S,F,T,V,Q,R,R
DRB5*01:62,-,-,-,-,-,R,F,L,Q,Q,D,K,Y,E,C,H,F,F,N,G,T,E,R,V,R,-,F,L,H,R,D,I,Y,N,Q,E,E,D,L,R,F,D,S,D,V,G,E,Y,R,A,V,T,E,L,G,R,P,D,A,E,Y,W,N,S,Q,K,D,F,L,E,H,R,R,A,A,V,D,T,Y,C,R,H,N,Y,G,V,G,E,S,F,T,V,Q,R,R
DRB5*01:63:01,-,-,-,-,-,R,F,L,Q,Q,D,K,Y,E,C,H,F,F,N,G,T,E,R,V,R,-,F,L,H,R,D,I,Y,N,Q,E,E,D,L,R,F,D,S,D,V,G,E,Y,R,A,V,T,E,L,G,R,P,S,A,E,Y,W,N,S,Q,K,D,F,L,E,D,R,R,A,A,V,D,T,Y,C,R,H,N,Y,G,V,G,E,S,F,T,V,Q,R,R
DRB5*01:63:02,-,-,-,-,-,R,F,L,Q,Q,D,K,Y,E,C,H,F,F,N,G,T,E,R,V,R,-,F,L,H,R,D,I,Y,N,Q,E,E,D,L,R,F,D,S,D,V,G,E,Y,R,A,V,T,E,L,G,R,P,S,A,E,Y,W,N,S,Q,K,D,F,L,E,D,R,R,A,A,V,D,T,Y,C,R,H,N,Y,G,V,G,E,S,F,T,V,Q,R,R
DRB5*01:64,-,-,-,-,-,C,F,L,Q,Q,D,K,Y,E,C,H,F,F,N,G,T,E,R,V,R,-,F,L,H,R,G,I,Y,N,Q,E,E,N,V,R,F,D,S,D,V,G,E,Y,R,A,V,T,E,L,G,R,P,D,A,E,Y,W,N,S,Q,K,D,L,L,E,D,R,R,A,A,V,D,T,Y,C,R,H,N,Y,G,V,G,E,S,F,T,V,Q,R,R
DRB5*01:65,-,-,-,-,-,R,F,L,Q,Q,D,K,Y,E,C,H,F,F,N,G,T,E,R,V,R,-,F,L,H,R,D,I,Y,N,Q,E,E,D,L,R,F,D,S,D,M,G,E,Y,R,A,V,T,E,L,G,R,P,D,A,E,Y,W,N,S,Q,K,D,F,L,E,D,R,R,A,A,V,D,T,Y,C,R,H,N,Y,G,V,G,E,S,F,T,V,Q,R,R
DRB5*01:66,-,-,-,-,-,R,F,L,Q,Q,D,K,Y,E,C,H,F,F,N,G,T,E,R,V,R,-,F,L,H,R,D,I,Y,N,Q,K,E,D,L,R,F,D,S,D,V,G,E,Y,R,A,V,T,E,L,G,R,P,D,A,E,Y,W,N,S,Q,K,D,F,L,E,D,R,R,A,A,V,D,T,Y,C,R,H,N,Y,G,V,G,E,S,F,T,V,Q,R,R
DRB5*01:67N,-,-,-,-,-,R,F,L,Q,Q,D,K,Y,E,C,H,F,F,N,G,T,E,R,V,R,-,F,L,H,R,G,I,Y,N,Q,E,E,N,V,R,F,D,S,D,V,G,E,Y,R,A,V,T,E,L,G,R,P,D,A,E,Y,W,N,S,Q,K,D,F,P,G,R,Q,A,R,R,G,G,H,L,L,Q,T,Q,L,R,G,W,X,-,-,-,-,-,-,-
DRB5*01:68N,-,-,-,-,-,R,F,L,Q,Q,D,K,X,-,-,-,-,-,-,-,-,-,-,-,-,-,-,-,-,-,-,-,-,-,-,-,-,-,-,-,-,-,-,-,-,-,-,-,-,-,-,-,-,-,-,-,-,-,-,-,-,-,-,-,-,-,-,-,-,-,-,-,-,-,-,-,-,-,-,-,-,-,-,-,-,-,-,-,-,-,-,-,-,-,-
DRB5*01:69,-,-,-,-,-,R,F,L,Q,Q,D,K,Y,E,C,H,F,F,N,G,T,E,R,V,R,-,F,L,H,R,G,I,Y,N,Q,E,E,N,V,R,F,D,S,D,V,G,E,Y,R,A,V,T,E,L,G,R,P,D,A,E,Y,W,N,S,Q,K,D,I,L,E,D,T,R,A,A,V,D,T,Y,C,R,H,N,Y,G,V,G,E,S,F,T,V,Q,R,R
DRB5*01:70,-,-,-,-,-,R,F,L,Q,Q,D,K,Y,E,C,H,F,F,N,G,T,E,R,V,R,-,F,L,H,R,G,V,Y,N,Q,E,E,N,V,R,F,D,S,D,V,G,E,Y,R,A,V,T,E,L,G,R,P,D,A,E,Y,W,N,S,Q,K,D,F,L,E,D,R,R,A,A,V,D,T,Y,C,R,H,N,Y,G,V,G,E,S,F,T,V,Q,R,R
DRB5*01:71N,-,-,-,-,-,R,F,L,Q,Q,D,K,Y,E,C,H,F,F,N,G,T,E,R,V,R,-,F,L,H,R,D,I,Y,N,Q,E,E,D,L,R,F,D,S,D,V,G,E,Y,R,A,V,T,E,L,G,R,P,D,A,E,Y,W,N,S,Q,K,D,F,L,G,R,Q,A,R,R,G,G,H,L,L,Q,T,Q,L,R,G,W,X,-,-,-,-,-,-,-
DRB5*01:72,-,-,-,-,-,R,F,L,Q,Q,D,K,Y,E,C,H,F,F,N,G,T,E,R,V,R,-,F,L,H,R,G,I,Y,N,Q,E,E,N,V,R,F,D,S,D,V,G,E,Y,R,A,V,T,E,L,G,R,P,D,A,E,Y,W,N,S,Q,K,D,F,L,E,D,R,R,A,A,V,D,T,Y,C,R,H,N,Y,G,I,G,E,S,F,T,V,Q,R,R
DRB5*01:73,-,-,-,-,-,R,F,L,Q,Q,D,K,Y,E,C,H,F,F,N,G,T,E,R,V,R,-,F,L,H,R,D,I,Y,N,Q,E,E,D,L,R,F,D,S,D,V,G,E,Y,R,A,V,T,E,L,G,R,P,A,A,E,H,W,N,S,Q,K,D,F,L,E,D,R,R,A,A,V,D,T,Y,C,R,H,N,Y,G,V,G,E,S,F,T,V,Q,R,R
DRB5*01:74,-,-,-,-,-,R,F,F,Q,Q,D,K,Y,E,C,H,F,F,N,G,T,E,R,V,R,-,F,L,H,R,G,I,Y,N,Q,E,E,N,V,R,F,D,S,D,V,G,E,Y,R,A,V,T,E,L,G,R,P,D,A,E,Y,W,N,S,Q,K,D,F,L,E,D,R,R,A,A,V,D,T,Y,C,R,H,N,Y,G,V,G,E,S,F,T,V,Q,R,R
DRB5*01:75,-,-,-,-,-,R,F,L,Q,Q,D,K,Y,E,C,H,F,F,N,G,T,E,R,V,R,-,F,L,H,R,D,I,Y,N,H,E,E,D,L,R,F,D,S,D,V,G,E,Y,R,A,V,T,E,L,G,R,P,D,A,E,Y,W,N,S,Q,K,D,F,L,E,D,R,R,A,A,V,D,T,Y,C,R,H,N,Y,G,V,G,E,S,F,T,V,Q,R,R
DRB5*01:76,-,-,-,-,-,R,F,L,Q,Q,D,K,Y,E,C,H,F,F,N,G,T,E,R,V,R,-,F,L,H,R,G,I,Y,N,Q,E,E,N,V,R,F,D,S,D,V,G,E,Y,R,A,V,T,E,L,G,R,P,D,A,E,Y,R,N,S,Q,K,D,F,L,E,D,R,R,A,A,V,D,T,Y,C,R,H,N,Y,G,V,G,E,S,F,T,V,Q,R,R
DRB5*01:77,-,-,-,-,-,R,F,L,Q,Q,D,K,Y,E,C,H,F,F,N,G,T,E,R,V,R,-,F,L,H,R,D,I,Y,N,Q,E,E,S,V,R,F,D,S,D,V,G,E,Y,R,A,V,T,E,L,G,R,P,D,A,E,Y,W,N,S,Q,K,D,F,L,E,D,R,R,A,A,V,D,T,Y,C,R,H,N,Y,G,V,G,E,S,F,T,V,Q,R,R
DRB5*01:78,-,-,-,-,-,R,F,L,Q,Q,D,K,Y,E,C,H,F,F,N,G,T,E,R,V,R,-,F,L,H,R,D,I,Y,N,Q,E,E,G,L,R,F,D,S,D,V,G,E,Y,R,A,V,T,E,L,G,R,P,D,A,E,Y,W,N,S,Q,K,D,F,L,E,D,R,R,A,A,V,D,T,Y,C,R,H,N,Y,G,V,G,E,S,F,T,V,Q,R,R
DRB5*01:79Q,-,-,-,-,-,R,F,L,Q,Q,D,-,-,E,C,H,F,F,N,G,T,E,R,V,R,-,F,L,H,R,D,I,Y,N,Q,E,E,D,L,R,F,D,S,D,V,G,E,Y,R,A,V,T,E,L,G,R,P,D,A,E,Y,W,N,S,Q,K,D,F,L,E,D,R,R,A,A,V,D,T,Y,C,R,H,N,Y,G,V,G,E,S,F,T,V,Q,R,R
DRB5*01:80,-,-,-,-,-,R,F,L,Q,Q,D,K,Y,E,C,H,F,F,N,G,T,E,R,V,R,-,L,L,H,R,D,I,Y,N,Q,E,E,D,L,R,F,D,S,D,V,G,E,Y,R,A,V,T,E,L,G,R,P,D,A,E,Y,W,N,S,Q,K,D,F,L,E,D,R,R,A,A,V,D,T,Y,C,R,H,N,Y,G,V,G,E,S,F,T,V,Q,R,R
DRB5*01:81N,-,-,-,-,-,R,F,L,Q,Q,D,K,Y,E,C,H,F,F,N,G,T,E,R,V,R,-,F,L,H,R,D,I,Y,N,Q,E,E,D,L,R,F,D,S,D,V,G,E,Y,R,A,V,T,E,L,G,R,P,D,A,E,Y,W,N,S,Q,K,D,F,L,E,D,R,R,A,A,V,D,T,L,L,Q,T,Q,L,R,G,W,X,-,-,-,-,-,-,-
DRB5*01:82,-,-,-,-,-,R,F,L,Q,Q,D,K,Y,E,C,H,F,F,N,G,T,E,R,V,R,-,F,L,H,R,D,I,Y,N,Q,E,E,D,L,R,F,D,S,D,V,G,E,Y,R,A,V,T,E,L,G,R,P,D,A,E,Y,W,N,S,Q,K,D,F,L,E,D,R,G,A,A,V,D,T,Y,C,R,H,N,Y,G,V,G,E,S,F,T,V,Q,R,R
DRB5*01:83N,-,-,-,-,-,R,F,L,Q,Q,D,K,Y,E,C,H,F,F,N,G,T,E,R,V,R,-,F,L,H,R,D,I,Y,N,Q,E,E,D,L,R,F,D,S,D,V,G,G,V,P,G,G,D,G,A,G,A,A,X,-,-,-,-,-,-,-,-,-,-,-,-,-,-,-,-,-,-,-,-,-,-,-,-,-,-,-,-,-,-,-,-,-,-,-,-,-
DRB5*01:84,-,-,-,-,-,R,F,L,Q,Q,D,K,Y,E,C,H,F,F,N,G,T,E,R,V,R,-,F,L,H,R,D,I,Y,N,Q,E,E,D,L,R,F,D,S,D,V,G,E,Y,R,A,V,T,Q,L,G,R,P,D,A,E,Y,W,N,S,Q,K,D,F,L,E,D,R,R,A,A,V,D,T,Y,C,R,H,N,Y,G,V,G,E,S,F,T,V,Q,R,R
DRB5*01:85,-,-,-,-,-,R,F,L,Q,Q,D,K,Y,E,C,H,F,F,N,G,T,E,R,V,R,-,F,L,H,R,D,I,Y,N,Q,E,E,D,L,R,F,D,S,D,V,G,E,Y,R,A,V,T,E,L,G,R,P,D,A,E,Y,W,N,S,Q,K,D,F,L,E,D,R,R,A,A,V,D,T,Y,C,R,H,N,Y,G,V,G,E,S,F,T,V,Q,R,R
DRB5*01:86,-,-,-,-,-,R,F,L,Q,Q,D,K,Y,E,C,H,F,F,N,G,T,E,R,V,R,-,F,L,H,R,D,I,Y,N,Q,E,G,D,L,R,F,D,S,D,V,G,E,Y,R,A,V,T,E,L,G,R,P,D,A,E,Y,W,N,S,Q,K,D,F,L,E,D,R,R,A,A,V,D,T,Y,C,R,H,N,Y,G,V,G,E,S,F,T,V,Q,R,R
DRB5*01:87,-,-,-,-,-,R,F,L,Q,Q,D,K,Y,E,C,H,F,F,N,G,T,E,R,V,R,-,F,L,H,R,D,I,Y,N,Q,E,E,D,L,R,F,D,S,D,V,G,E,Y,R,A,V,T,E,L,G,R,P,D,V,E,Y,W,N,S,Q,K,D,F,L,E,D,R,R,A,A,V,D,T,Y,C,R,H,N,Y,G,V,G,E,S,F,T,V,Q,R,R
DRB5*01:88,-,-,-,-,-,R,F,L,Q,Q,D,K,Y,E,C,H,F,F,N,G,T,E,R,V,R,-,F,L,H,R,D,I,Y,N,Q,E,E,D,L,R,F,D,S,D,V,G,E,Y,R,A,V,T,E,L,G,R,P,D,A,E,Y,W,K,S,Q,K,D,F,L,E,D,R,R,A,A,V,D,T,Y,C,R,H,N,Y,G,V,G,E,S,F,T,V,Q,R,R
DRB5*01:89,-,-,-,-,-,R,F,L,Q,Q,D,K,Y,E,C,H,F,F,N,G,T,E,R,V,R,-,F,L,H,R,D,I,Y,N,Q,E,E,D,L,R,F,D,S,D,V,G,E,Y,R,A,V,T,E,L,G,R,P,D,A,E,Y,W,N,S,Q,K,D,F,L,E,D,R,R,A,A,V,D,T,Y,C,R,H,N,Y,G,V,G,E,S,F,T,V,Q,R,R
DRB5*01:90,-,-,-,-,-,R,F,L,Q,Q,D,K,Y,E,C,H,F,F,N,G,T,E,R,V,R,-,F,L,H,R,G,I,Y,N,Q,E,E,N,V,R,F,D,S,D,V,G,E,Y,R,A,V,T,E,L,G,R,P,D,A,E,Y,W,N,S,Q,K,D,F,L,E,D,R,R,A,A,V,D,T,Y,C,R,H,N,Y,G,V,G,E,S,F,T,V,Q,Q,R
DRB5*01:91,-,-,-,-,-,R,F,L,Q,Q,D,K,Y,E,R,H,F,F,N,G,T,E,R,V,R,-,F,L,H,R,D,I,Y,N,Q,E,E,D,L,R,F,D,S,D,V,G,E,Y,R,A,V,T,E,L,G,R,P,D,A,E,Y,W,N,S,Q,K,D,F,L,E,D,R,R,A,A,V,D,T,Y,C,R,H,N,Y,G,V,G,E,S,F,T,V,Q,R,R
DRB5*01:92N,-,-,-,-,-,R,F,L,Q,Q,D,K,Y,E,C,H,F,F,N,G,T,E,R,V,R,-,F,L,H,R,D,I,Y,N,Q,E,E,D,L,R,F,D,S,D,V,G,E,Y,R,A,V,T,E,L,G,R,P,D,A,E,Y,W,N,S,Q,K,D,F,L,E,D,R,R,A,A,V,D,T,X,-,-,-,-,-,-,-,-,-,-,-,-,-,-,-,-
DRB5*01:93,-,-,-,-,-,R,F,L,Q,Q,D,K,Y,E,C,H,F,F,N,G,T,E,R,V,R,-,F,L,H,R,D,I,Y,N,Q,E,E,D,L,R,F,D,S,D,V,G,E,Y,R,A,V,T,E,L,G,R,P,D,A,E,Y,W,N,S,Q,K,D,F,L,E,D,R,R,A,A,V,D,T,Y,C,R,H,N,Y,G,V,G,E,S,F,T,V,Q,R,R
DRB5*01:94,-,-,-,-,-,R,F,L,Q,Q,D,K,Y,E,C,H,F,F,N,G,T,E,R,V,R,-,F,L,H,R,D,I,Y,N,Q,E,E,D,L,R,F,D,S,D,V,G,E,Y,R,A,V,T,E,L,G,R,P,D,A,E,Y,W,N,S,Q,K,D,F,L,E,D,R,R,A,A,V,D,T,Y,C,R,H,N,Y,G,V,G,E,S,F,T,V,Q,R,R
DRB5*01:95,-,-,-,-,-,R,F,L,Q,Q,D,K,Y,E,C,H,F,F,N,G,T,E,R,V,R,-,F,L,H,R,D,I,Y,N,Q,E,E,D,L,R,F,D,S,D,V,G,E,Y,R,A,V,T,E,L,G,R,P,D,A,E,Y,W,N,S,Q,K,D,F,L,E,D,R,R,A,A,V,D,T,Y,C,R,H,N,Y,G,V,G,E,S,F,T,V,Q,R,R
DRB5*01:96,-,-,-,-,-,R,F,L,Q,Q,D,K,Y,E,C,H,F,F,N,G,T,E,R,V,R,-,F,L,H,R,D,I,Y,N,Q,E,E,D,L,R,F,D,S,D,V,G,E,Y,R,A,V,T,E,L,G,R,P,D,A,E,Y,W,N,S,Q,K,D,F,L,E,D,R,R,A,A,V,D,T,Y,C,R,H,N,Y,G,V,G,E,S,F,T,V,Q,R,R
DRB5*01:97,-,-,-,-,-,R,F,L,Q,Q,D,N,Y,E,C,H,F,F,N,G,T,E,R,V,R,-,F,L,H,R,D,I,Y,N,Q,E,E,D,L,R,F,D,S,D,V,G,E,Y,R,A,V,T,E,L,G,R,P,D,A,E,Y,W,N,S,Q,K,D,F,L,E,D,R,R,A,A,V,D,T,Y,C,R,H,N,Y,G,V,G,E,S,F,T,V,Q,R,R
DRB5*01:98,-,-,-,-,-,R,F,L,Q,Q,G,K,Y,E,C,H,F,F,N,G,T,E,R,V,R,-,F,L,H,R,D,I,Y,N,Q,E,E,D,L,R,F,D,S,D,V,G,E,Y,R,A,V,T,E,L,G,R,P,D,A,E,Y,W,N,S,Q,K,D,F,L,E,D,R,R,A,A,V,D,T,Y,C,R,H,N,Y,G,V,G,E,S,F,T,V,Q,R,R
DRB5*01:99,-,-,-,-,-,R,F,L,Q,Q,D,K,Y,E,W,H,F,F,N,G,T,E,R,V,R,-,F,L,H,R,D,I,Y,N,Q,E,E,D,L,R,F,D,S,D,V,G,E,Y,R,A,V,T,E,L,G,R,P,D,A,E,Y,W,N,S,Q,K,D,F,L,E,D,R,R,A,A,V,D,T,Y,C,R,H,N,Y,G,V,G,E,S,F,T,V,Q,R,R
DRB5*02:02:01,G,D,T,R,P,C,F,L,Q,Q,D,K,Y,E,C,H,F,F,N,G,T,E,R,V,R,-,F,L,H,R,G,I,Y,N,Q,E,E,N,V,R,F,D,S,D,V,G,E,Y,R,A,V,T,E,L,G,R,P,D,A,E,Y,W,N,S,Q,K,D,I,L,E,Q,A,R,A,A,V,D,T,Y,C,R,H,N,Y,G,A,V,E,S,F,T,V,Q,R,R
DRB5*02:02:02,-,-,-,-,-,C,F,L,Q,Q,D,K,Y,E,C,H,F,F,N,G,T,E,R,V,R,-,F,L,H,R,G,I,Y,N,Q,E,E,N,V,R,F,D,S,D,V,G,E,Y,R,A,V,T,E,L,G,R,P,D,A,E,Y,W,N,S,Q,K,D,I,L,E,Q,A,R,A,A,V,D,T,Y,C,R,H,N,Y,G,A,V,E,S,F,T,V,Q,R,R
DRB5*02:02:03,-,-,-,-,-,C,F,L,Q,Q,D,K,Y,E,C,H,F,F,N,G,T,E,R,V,R,-,F,L,H,R,G,I,Y,N,Q,E,E,N,V,R,F,D,S,D,V,G,E,Y,R,A,V,T,E,L,G,R,P,D,A,E,Y,W,N,S,Q,K,D,I,L,E,Q,A,R,A,A,V,D,T,Y,C,R,H,N,Y,G,A,V,E,S,F,T,V,Q,R,R
DRB5*02:03,-,-,-,-,-,C,F,L,Q,Q,D,K,Y,E,C,H,F,F,N,G,T,E,R,V,R,-,F,L,H,R,G,I,Y,N,Q,E,E,N,V,R,F,D,S,D,V,G,E,Y,R,A,V,T,E,L,G,R,P,D,A,E,Y,W,N,S,Q,K,D,I,L,E,Q,A,R,A,A,V,D,T,Y,C,R,H,N,Y,G,V,G,E,S,F,T,V,Q,R,R
DRB5*02:04,-,-,-,-,-,C,F,L,Q,Q,D,K,Y,E,C,H,F,F,N,G,T,E,R,V,R,-,F,L,H,R,G,I,Y,N,Q,E,E,N,V,R,F,D,S,D,V,G,E,Y,R,A,V,T,E,L,G,R,P,D,A,E,Y,W,N,S,Q,K,D,F,L,E,Q,A,R,A,A,V,D,T,Y,C,R,H,N,Y,G,A,V,E,S,F,T,-,-,-,-
DRB5*02:05,-,-,-,-,-,C,F,L,Q,Q,D,K,Y,E,C,H,F,F,N,G,T,E,R,V,R,-,F,L,H,R,G,I,Y,N,Q,E,E,N,V,R,F,D,S,D,V,G,E,Y,R,A,V,T,E,L,G,R,P,D,A,E,Y,W,N,S,Q,K,D,L,L,E,Q,R,R,A,A,V,D,T,Y,C,R,H,N,Y,G,A,V,E,S,F,T,V,Q,R,R
DRB5*02:06,-,-,-,-,-,C,F,L,Q,Q,D,K,Y,E,C,H,F,F,N,G,T,E,R,V,R,-,F,L,H,R,G,I,Y,N,Q,E,E,N,V,R,F,D,S,D,V,G,E,Y,R,A,V,T,E,L,G,R,P,D,A,E,Y,W,N,S,Q,K,D,I,L,E,Q,A,R,A,A,V,D,T,Y,C,R,H,N,Y,G,A,V,E,S,F,T,V,Q,R,R
DRB5*02:07,-,-,-,-,-,C,F,L,Q,Q,D,K,Y,E,C,H,F,F,N,G,T,E,R,L,R,-,F,L,H,R,G,I,Y,N,Q,E,E,N,V,R,F,D,S,D,V,G,E,Y,R,A,V,T,E,L,G,R,P,D,A,E,Y,W,N,S,Q,K,D,I,L,E,Q,A,R,A,A,V,D,T,Y,C,R,H,N,Y,G,A,V,E,S,F,T,V,Q,R,R
DRB5*02:08,-,-,-,-,-,C,F,L,Q,Q,D,K,Y,E,C,H,F,F,N,G,T,E,R,V,R,-,F,L,H,R,G,I,Y,N,Q,E,E,N,V,R,F,D,S,D,V,G,E,Y,R,A,V,T,E,L,G,R,P,D,A,E,Y,W,N,S,Q,K,D,F,L,E,D,R,R,A,A,V,D,T,Y,C,R,H,N,Y,G,A,V,E,S,F,T,V,Q,R,R
DRB5*02:09,-,-,-,-,-,C,F,L,Q,Q,D,K,Y,E,C,H,F,F,N,G,T,E,R,V,R,-,F,L,H,R,G,I,Y,N,Q,E,E,N,V,R,F,D,S,D,L,G,E,Y,R,A,V,T,E,L,G,R,P,D,A,E,Y,W,N,S,Q,K,D,I,L,E,Q,A,R,A,A,V,D,T,Y,C,R,H,N,Y,G,A,V,E,S,F,T,V,Q,R,R
DRB5*02:10,-,-,-,-,-,C,F,L,Q,Q,D,K,Y,E,C,H,F,F,N,G,T,E,R,V,R,-,F,L,H,R,D,I,Y,N,Q,E,E,N,V,R,F,D,S,D,V,G,E,Y,R,A,V,T,E,L,G,R,P,D,A,E,Y,W,N,S,Q,K,D,I,L,E,Q,A,R,A,A,V,D,T,Y,C,R,H,N,Y,G,A,V,E,S,F,T,V,Q,R,R
DRB5*02:11,-,-,-,-,-,C,F,L,Q,Q,D,K,Y,E,C,H,F,F,N,G,T,E,R,V,R,-,F,L,H,R,G,I,Y,N,Q,E,E,N,V,R,F,D,S,D,V,G,E,Y,R,A,V,T,E,L,G,R,P,D,A,E,Y,W,N,T,Q,K,D,I,L,E,Q,A,R,A,A,V,D,T,Y,C,R,H,N,Y,G,A,V,E,S,F,T,V,Q,R,R
DRB5*02:12,-,-,-,-,-,C,F,L,Q,Q,D,K,Y,E,C,H,F,F,N,G,T,E,R,V,R,-,F,L,H,R,G,I,Y,N,Q,E,E,N,V,R,F,D,S,D,V,G,E,Y,R,A,V,T,E,L,G,R,P,D,A,E,Y,W,N,S,Q,K,D,I,L,E,D,R,R,A,A,V,D,T,Y,C,R,H,N,Y,G,A,V,E,S,F,T,V,Q,R,R
DRB5*02:13,-,-,-,-,-,C,F,L,Q,Q,D,K,Y,E,C,H,F,F,N,G,T,E,R,V,R,-,F,L,H,R,G,I,Y,N,Q,E,E,N,V,R,F,D,S,D,V,G,E,Y,R,A,V,T,E,L,G,R,P,D,A,E,Y,W,N,S,Q,K,D,I,L,E,Q,A,R,A,A,V,D,T,Y,C,R,H,N,Y,G,V,V,E,S,F,T,V,Q,R,R
DRB5*02:14,-,-,-,-,-,C,F,L,Q,Q,D,K,Y,E,C,H,F,F,N,G,T,E,R,V,R,-,F,L,H,R,G,I,Y,N,Q,E,E,N,V,R,F,D,S,D,V,G,E,Y,R,A,V,T,E,L,G,R,P,D,A,E,Y,W,N,S,Q,K,D,I,L,E,Q,A,R,A,A,V,D,T,Y,C,R,Y,N,Y,G,A,V,E,S,F,T,V,Q,R,R
DRB5*02:15,-,-,-,-,-,C,F,W,Q,Q,D,K,Y,E,C,H,F,F,N,G,T,E,R,V,R,-,F,L,H,R,G,I,Y,N,Q,E,E,N,V,R,F,D,S,D,V,G,E,Y,R,A,V,T,E,L,G,R,P,D,A,E,Y,W,N,S,Q,K,D,I,L,E,Q,A,R,A,A,V,D,T,Y,C,R,H,N,Y,G,A,V,E,S,F,T,V,Q,R,R
DRB5*02:16,-,-,-,-,-,C,F,L,Q,Q,D,K,Y,E,C,H,F,F,N,G,T,E,R,V,R,-,F,L,H,R,G,I,Y,N,Q,E,E,N,V,R,F,D,S,D,V,G,E,Y,R,A,V,T,E,L,G,R,P,D,A,E,S,W,N,S,Q,K,D,I,L,E,Q,A,R,A,A,V,D,T,Y,C,R,H,N,Y,G,A,V,E,S,F,T,V,Q,R,R
DRB5*02:17,-,-,-,-,-,C,F,L,Q,Q,D,K,Y,E,C,H,F,F,N,G,T,E,R,V,R,-,F,L,H,R,G,I,Y,N,Q,E,E,S,V,R,F,D,S,D,V,G,E,Y,R,A,V,T,E,L,G,R,P,D,A,E,Y,W,N,S,Q,K,D,I,L,E,Q,A,R,A,A,V,D,T,Y,C,R,H,N,Y,G,A,V,E,S,F,T,V,Q,R,R
DRB5*02:18,-,-,-,-,-,C,F,L,Q,Q,D,K,Y,E,C,H,F,F,N,G,T,E,R,V,R,-,F,L,H,R,G,I,Y,N,Q,E,E,N,V,R,F,D,S,D,V,G,E,Y,Q,A,V,T,E,L,G,R,P,D,A,E,Y,W,N,S,Q,K,D,I,L,E,Q,A,R,A,A,V,D,T,Y,C,R,H,N,Y,G,A,V,E,S,F,T,V,Q,R,R
DRB5*02:19N,-,-,-,-,-,C,F,L,Q,Q,D,K,Y,E,C,H,F,F,N,G,T,E,R,V,R,-,F,L,H,R,G,I,Y,N,Q,E,E,N,V,R,F,D,S,D,V,G,E,Y,R,A,V,T,E,L,G,R,P,D,A,E,Y,W,N,S,Q,K,D,I,L,E,Q,A,R,A,A,V,D,T,X,-,-,-,-,-,-,-,-,-,-,-,-,-,-,-,-
DRB5*02:20,-,-,-,-,-,C,F,L,Q,Q,D,K,Y,E,C,H,F,F,N,G,T,E,R,V,R,-,F,L,H,R,G,I,Y,N,Q,E,E,N,V,R,F,D,S,D,V,G,E,F,R,A,V,T,E,L,G,R,P,D,A,E,Y,W,N,S,Q,K,D,I,L,E,Q,A,R,A,A,V,D,T,Y,C,R,H,N,Y,G,A,V,E,S,F,T,V,Q,R,R
DRB5*02:21,-,-,-,-,-,C,F,L,Q,Q,D,K,Y,E,C,H,F,F,N,G,T,E,R,V,R,-,F,L,H,R,G,I,Y,N,Q,E,E,N,V,R,F,D,S,D,V,G,E,Y,R,A,V,T,E,L,G,R,P,D,A,E,Y,W,N,S,Q,K,D,I,L,E,Q,A,R,A,A,V,D,T,Y,C,R,H,N,Y,G,A,V,E,S,F,T,V,Q,R,R
DRB5*02:22,-,-,-,-,-,C,F,L,Q,Q,D,K,Y,E,C,H,F,F,N,G,T,E,R,V,R,-,F,L,H,R,G,I,Y,N,Q,E,E,N,V,R,F,D,S,D,V,G,E,Y,R,A,V,T,E,L,G,R,P,D,A,E,Y,W,N,S,Q,K,D,I,L,E,Q,A,R,A,A,V,D,T,Y,C,R,H,N,Y,G,A,V,E,S,F,T,V,Q,R,R
DRB5*02:23,-,-,-,-,-,C,F,L,Q,Q,D,K,Y,E,C,H,F,F,N,G,T,E,R,V,R,-,F,L,H,R,G,I,Y,N,Q,E,E,N,V,R,F,D,S,D,V,G,E,Y,R,A,V,T,E,L,G,R,P,D,A,E,Y,W,N,S,Q,K,D,I,L,E,Q,A,R,A,A,V,D,T,Y,C,R,H,N,Y,G,A,V,E,S,F,T,V,Q,R,R
DRB5*02:24,-,-,-,-,-,C,F,L,Q,Q,D,K,Y,E,C,H,F,F,N,G,T,E,R,V,R,-,F,L,H,R,G,I,Y,N,Q,E,E,N,V,R,F,D,S,D,V,G,E,Y,R,A,V,T,E,L,G,R,P,D,A,E,Y,W,N,S,Q,K,D,L,L,E,Q,A,R,A,A,V,D,T,Y,C,R,H,N,Y,G,A,V,E,S,F,T,V,Q,R,R
DRB5*02:25N,-,-,-,-,-,C,F,L,Q,Q,D,K,Y,E,C,H,F,F,N,G,T,E,R,V,R,-,F,L,H,R,G,I,Y,N,Q,E,E,N,V,R,F,D,S,D,V,G,E,Y,R,A,V,T,E,L,G,R,P,D,A,E,Y,W,N,S,Q,K,D,I,L,E,Q,A,R,R,G,G,H,L,L,Q,T,Q,L,R,G,C,G,E,L,H,S,A,A,A,S
DRB5*02:26N,-,-,-,-,-,R,F,L,Q,Q,D,K,Y,E,C,H,F,F,N,G,T,E,R,V,R,-,F,L,H,R,G,I,Y,N,Q,E,E,N,V,R,F,D,S,D,V,G,E,Y,R,A,V,T,E,L,G,R,P,D,A,E,Y,W,N,S,Q,K,D,F,L,E,D,R,R,A,A,V,D,T,Y,C,R,H,N,Y,G,A,V,E,S,F,T,V,Q,R,R
DRB5*02:27,-,-,-,-,-,C,F,L,Q,Q,D,K,Y,E,C,H,F,F,N,G,T,E,R,V,R,-,F,L,H,R,G,I,Y,N,Q,E,E,N,V,R,F,D,S,D,V,E,E,Y,R,A,V,T,E,L,G,R,P,D,A,E,Y,W,N,S,Q,K,D,I,L,E,Q,A,R,A,A,V,D,T,Y,C,R,H,N,Y,G,A,V,E,S,F,T,V,Q,R,R
DRB5*02:28,-,-,-,-,-,C,F,L,Q,Q,D,K,Y,E,C,H,F,F,N,G,T,E,R,V,R,-,F,L,H,R,G,I,Y,N,Q,E,E,N,V,R,F,D,S,D,M,G,E,Y,R,A,V,T,E,L,G,R,P,D,A,E,Y,W,N,S,Q,K,D,I,L,E,Q,A,R,A,A,V,D,T,Y,C,R,H,N,Y,G,A,V,E,S,F,T,V,Q,R,R
DRB5*02:29,-,-,-,-,-,C,F,L,Q,Q,D,K,Y,E,C,H,F,F,N,G,T,E,R,V,R,-,F,L,H,R,G,I,Y,N,Q,E,E,N,V,R,F,D,S,D,V,G,E,Y,R,A,V,T,E,L,G,R,P,D,A,E,Y,W,N,S,Q,K,D,I,L,E,Q,A,R,A,A,V,G,T,Y,C,R,H,N,Y,G,A,V,E,S,F,T,V,Q,R,R
