Allele,Old Assignment,New Assignment
C*01:02,['1'],['1']
C*01:03,['1'],['1']
C*01:04,['1'],['1']
C*01:05,['1'],['1']
C*01:06,['1'],['1']
C*01:07,['1'],['1']
C*01:08,['1'],['1']
C*01:09,['1'],['1']
C*01:10,['1'],['1']
C*01:11,['1'],['1']
C*01:12,['1'],['1']
C*01:13,['1'],['1']
C*01:14,['1'],['1']
C*01:15,['1'],['1']
C*01:16,['1'],['1']
C*01:17,['1'],['1']
C*01:18,['1'],['1']
C*01:19,['1'],['1']
C*01:20,['1'],['1']
C*01:21,['1'],['1']
C*01:22,['1'],['1']
C*01:23,['1'],['1']
C*01:24,['1'],['1']
C*01:25,['1'],['1']
C*01:26,['1'],['1']
C*01:27,['1'],['1']
C*01:28,['1'],['1']
C*01:29,['1'],['1']
C*01:30,['1'],['1']
C*01:31,['1'],['1']
C*01:32,['1'],['1']
C*01:33,['1'],['1']
C*01:34,['1'],['1']
C*01:35,['1'],['1']
C*01:36,['1'],['1']
C*01:38,['1'],['1']
C*01:39,['1'],['1']
C*01:40,['1'],['1']
C*01:41,['1'],['1']
C*01:42,['1'],['1']
C*01:43,['1'],['1']
C*01:44,['1'],['1']
C*01:45,['1'],['1']
C*01:46,['1'],['1']
C*01:47,['1'],['1']
C*01:48,['1'],['1']
C*01:49,['1'],['1']
C*01:51,['1'],['1']
C*01:52,['1'],['1']
C*01:53,['1'],['1']
C*01:54,['1'],['1']
C*01:55,['1'],['1']
C*01:57,['1'],['1']
C*01:58,['1'],['1']
C*01:59,['1'],['1']
C*01:60,['1'],['1']
C*01:61,['1'],['1']
C*01:62,['1'],['1']
C*01:63,['1'],['1']
C*01:64,['1'],['1']
C*01:65,['1'],['1']
C*01:66,['1'],['1']
C*01:67,['1'],['1']
C*01:68,['1'],['1']
C*01:70,['1'],['1']
C*01:71,['1'],['1']
C*01:72,['1'],['1']
C*01:73,['1'],['1']
C*01:74,['1'],['1']
C*01:75,['1'],['1']
C*01:76,['1'],['1']
C*01:77,['1'],['1']
C*01:78,['1'],['1']
C*02:02,['2'],['2']
C*02:04,['2'],['2']
C*02:05,['2'],['2']
C*02:06,['2'],['2']
C*02:07,['2'],['2']
C*02:08,['2'],['2']
C*02:09,['2'],['2']
C*02:10,['2'],['2']
C*02:11,['2'],['2']
C*02:12,['2'],['2']
C*02:13,['2'],['2']
C*02:14,['2'],['2']
C*02:15,['2'],['2']
C*02:16,['2'],['2']
C*02:17,['2'],['2']
C*02:19,['2'],['2']
C*02:20,['2'],['2']
C*02:21,['2'],['2']
C*02:22,['2'],['2']
C*02:23,['2'],['2']
C*02:24,['2'],['2']
C*02:25Q,['2'],['2']
C*02:26,['2'],['2']
C*02:27,['2'],['2']
C*02:28,['2'],['2']
C*02:29,['2'],['2']
C*02:30,['2'],['2']
C*02:31,['2'],['2']
C*02:32,['2'],['2']
C*02:34,['2'],['2']
C*02:35,['2'],['2']
C*02:36,['2'],['2']
C*02:37,['2'],['2']
C*02:39,['2'],['2']
C*02:40,['2'],['2']
C*02:42,['2'],['2']
C*02:43,['2'],['2']
C*02:44,['2'],['2']
C*02:45,['2'],['2']
C*02:46,['2'],['2']
C*02:47,['2'],['2']
C*02:48,['2'],['2']
C*02:49,['2'],['2']
C*02:50,['2'],['2']
C*02:51,['2'],['2']
C*02:53,['2'],['2']
C*02:54,['2'],['2']
C*02:55,['2'],['2']
C*02:56,['2'],['2']
C*02:57,['2'],['2']
C*02:58,['2'],['2']
C*02:59,['2'],['2']
C*02:60,['2'],['2']
C*02:61,['2'],['2']
C*02:62,['2'],['2']
C*02:63,['2'],['2']
C*02:64,['2'],['2']
C*02:65,['2'],['2']
C*02:66,['2'],['2']
C*02:67Q,['2'],['2']
C*02:68,['2'],['2']
C*03:02,"['10', '3']","['10', '3']"
C*03:03,"['3', '9']","['3', '9']"
C*03:04,"['10', '3']","['10', '3']"
C*03:05,"['10', '3']","['10', '3']"
C*03:07,"['10', '3']","['10', '3']"
C*03:08,"['3', '10']","['10', '3']"
C*03:09,"['3', '10']","['10', '3']"
C*03:10,"['10', '3']","['10', '3']"
C*03:11,"['9', '3']","['3', '9']"
C*03:13,"['3', '9']","['3', '9']"
C*03:14,"['10', '3']","['10', '3']"
C*03:15,"['10', '3']","['10', '3']"
C*03:16,"['3', '10']","['10', '3']"
C*03:17,"['10', '3']","['10', '3']"
C*03:18,"['9', '3']","['3', '9']"
C*03:19,"['10', '3']","['10', '3']"
C*03:21,"['9', '3']","['3', '9']"
C*03:22Q,"['9', '3']","['3', '9']"
C*03:23,"['10', '3']","['10', '3']"
C*03:24,"['10', '3']","['10', '3']"
C*03:25,"['3', '10']","['10', '3']"
C*03:26,"['3', '10']","['10', '3']"
C*03:27,"['10', '3']","['10', '3']"
C*03:28,"['10', '3']","['10', '3']"
C*03:29,"['3', '10']","['10', '3']"
C*03:30,"['9', '3']","['3', '9']"
C*03:31,"['3', '9']","['3', '9']"
C*03:32,"['3', '10']","['10', '3']"
C*03:33,"['3', '10']","['10', '3']"
C*03:34,"['10', '3']","['10', '3']"
C*03:35,"['3', '10']","['10', '3']"
C*03:36,"['10', '3']","['10', '3']"
C*03:37,"['3', '10']","['10', '3']"
C*03:38,"['10', '3']","['10', '3']"
C*03:39,"['3', '9']","['3', '9']"
C*03:40,"['3', '10']","['10', '3']"
C*03:41,"['3', '10']","['10', '3']"
C*03:42,"['10', '3']","['10', '3']"
C*03:43,"['3', '9']","['3', '9']"
C*03:44,"['10', '3']","['10', '3']"
C*03:45,"['10', '3']","['10', '3']"
C*03:47,"['10', '3']","['10', '3']"
C*03:48,"['10', '3']","['10', '3']"
C*03:49,"['3', '9']","['3', '9']"
C*03:50,"['3', '9']","['3', '9']"
C*03:51,"['3', '10']","['10', '3']"
C*03:52,"['9', '3']","['3', '9']"
C*03:53,"['3', '9']","['3', '9']"
C*03:54,"['10', '3']","['10', '3']"
C*03:55,"['9', '3']","['3', '9']"
C*03:56,"['9', '3']","['3', '9']"
C*03:57,"['10', '3']","['10', '3']"
C*03:59,"['3', '9']","['3', '9']"
C*03:60,"['3', '10']","['10', '3']"
C*03:61,"['9', '3']","['3', '9']"
C*03:62,"['3', '9']","['3', '9']"
C*03:63,"['10', '3']","['10', '3']"
C*03:64,"['3', '10']","['10', '3']"
C*03:65,"['10', '3']","['10', '3']"
C*03:66,"['9', '3']","['3', '9']"
C*03:67,"['3', '9']","['3', '9']"
C*03:68,"['9', '3']","['3', '9']"
C*03:69,"['3', '9']","['3', '9']"
C*03:70,"['10', '3']","['10', '3']"
C*03:72,"['3', '10']","['10', '3']"
C*03:73,"['10', '3']","['10', '3']"
C*03:74,"['10', '3']","['10', '3']"
C*03:75,"['3', '9']","['3', '9']"
C*03:76,"['3', '9']","['3', '9']"
C*03:77,"['3', '10']","['10', '3']"
C*03:78,"['3', '10']","['10', '3']"
C*03:79,"['9', '3']","['3', '9']"
C*03:80,"['3', '10']","['10', '3']"
C*03:81,"['3', '9']","['3', '9']"
C*03:82,"['10', '3']","['10', '3']"
C*03:83,"['3', '9']","['3', '9']"
C*03:84,"['10', '3']","['10', '3']"
C*03:85,"['3', '9']","['3', '9']"
C*03:87,"['3', '10']","['10', '3']"
C*03:88,"['3', '9']","['3', '9']"
C*03:89,"['3', '10']","['10', '3']"
C*03:90,"['3', '10']","['10', '3']"
C*03:91,"['3', '10']","['10', '3']"
C*03:92,"['10', '3']","['10', '3']"
C*03:93,"['10', '3']","['10', '3']"
C*03:95,"['10', '3']","['10', '3']"
C*03:96,"['3', '9']","['3', '9']"
C*03:97,"['3', '9']","['3', '9']"
C*03:98,"['10', '3']","['10', '3']"
C*03:99,['1'],['1']
C*03:100,"['3', '10']","['10', '3']"
C*03:101,"['3', '10']","['10', '3']"
C*03:102,"['3', '9']","['3', '9']"
C*03:103,"['3', '9']","['3', '9']"
C*03:104,"['10', '3']","['10', '3']"
C*03:105,"['10', '3']","['10', '3']"
C*03:106,"['10', '3']","['10', '3']"
C*03:107,"['10', '3']","['10', '3']"
C*03:108,"['3', '10']","['10', '3']"
C*03:109,"['3', '10']","['10', '3']"
C*03:110,"['10', '3']","['10', '3']"
C*03:111,"['3', '10']","['10', '3']"
C*03:112,"['3', '9']","['3', '9']"
C*03:113,"['10', '3']","['10', '3']"
C*03:115,"['3', '10']","['10', '3']"
C*03:116,"['9', '3']","['3', '9']"
C*03:117,"['3', '10']","['10', '3']"
C*03:118,"['10', '3']","['10', '3']"
C*03:119,"['9', '3']","['3', '9']"
C*03:120,"['9', '3']","['3', '9']"
C*03:122,"['9', '3']","['3', '9']"
C*03:123,"['3', '10']","['10', '3']"
C*03:124,"['3', '9']","['3', '9']"
C*03:125,"['3', '10']","['10', '3']"
C*03:126,"['9', '3']","['3', '9']"
C*03:127,"['3', '9']","['3', '9']"
C*03:128,"['3', '10']","['10', '3']"
C*03:129,"['10', '3']","['10', '3']"
C*03:130,"['10', '3']","['10', '3']"
C*03:131,"['3', '10']","['10', '3']"
C*03:133,"['9', '3']","['3', '9']"
C*03:134,"['3', '10']","['10', '3']"
C*03:135,"['3', '10']","['10', '3']"
C*03:136,"['10', '3']","['10', '3']"
C*03:137,"['3', '10']","['10', '3']"
C*03:138,"['3', '10']","['10', '3']"
C*03:139,"['3', '10']","['10', '3']"
C*03:140,"['10', '3']","['10', '3']"
C*03:141,"['3', '9']","['3', '9']"
C*03:142,"['3', '9']","['3', '9']"
C*03:143,"['3', '10']","['10', '3']"
C*03:144,"['9', '3']","['3', '9']"
C*03:145,"['10', '3']","['10', '3']"
C*03:146,"['10', '3']","['10', '3']"
C*03:147,"['10', '3']","['10', '3']"
C*03:148,"['10', '3']","['10', '3']"
C*03:149,"['10', '3']","['10', '3']"
C*03:150,"['9', '3']","['3', '9']"
C*03:151,"['3', '9']","['3', '9']"
C*03:152,"['9', '3']","['3', '9']"
C*03:153,"['10', '3']","['10', '3']"
C*03:154,"['10', '3']","['10', '3']"
C*03:155,"['10', '3']","['10', '3']"
C*03:156,"['10', '3']","['10', '3']"
C*03:157,"['10', '3']","['10', '3']"
C*03:158,"['9', '3']","['3', '9']"
C*03:159,"['3', '10']","['10', '3']"
C*03:160,"['9', '3']","['3', '9']"
C*03:161,"['9', '3']","['3', '9']"
C*03:162,"['3', '10']","['10', '3']"
C*03:163,"['10', '3']","['10', '3']"
C*03:164,"['3', '10']","['10', '3']"
C*03:165,"['3', '9']","['3', '9']"
C*03:166,"['10', '3']","['10', '3']"
C*03:167,"['9', '3']","['3', '9']"
C*03:168,"['3', '9']","['3', '9']"
C*03:169Q,"['3', '10']","['10', '3']"
C*03:170,"['10', '3']","['10', '3']"
C*03:171,"['3', '9']","['3', '9']"
C*03:172,"['10', '3']","['10', '3']"
C*03:173,"['3', '10']","['10', '3']"
C*03:174,"['10', '3']","['10', '3']"
C*03:175,"['3', '9']","['3', '9']"
C*03:176,"['3', '9']","['3', '9']"
C*03:177,"['9', '3']","['3', '9']"
C*03:178,"['3', '10']","['10', '3']"
C*03:179,"['10', '3']","['10', '3']"
C*03:180,"['10', '3']","['10', '3']"
C*03:181,"['3', '10']","['10', '3']"
C*03:182,"['9', '3']","['3', '9']"
C*03:183,"['3', '10']","['10', '3']"
C*03:184,"['10', '3']","['10', '3']"
C*03:185,"['3', '9']","['3', '9']"
C*03:186,"['3', '10']","['10', '3']"
C*03:187,"['9', '3']","['3', '9']"
C*03:188,"['3', '9']","['3', '9']"
C*03:190,"['10', '3']","['10', '3']"
C*03:191,"['3', '10']","['10', '3']"
C*03:192,"['9', '3']","['3', '9']"
C*03:193,"['3', '10']","['10', '3']"
C*03:194,"['3', '10']","['10', '3']"
C*03:195,"['3', '9']","['3', '9']"
C*04:01,['4'],['4']
C*04:03,['4'],['4']
C*04:04,['4'],['4']
C*04:05,['4'],['4']
C*04:06,['4'],['4']
C*04:07,['4'],['4']
C*04:08,['4'],['4']
C*04:10,['4'],['4']
C*04:11,['4'],['4']
C*04:12,['4'],['4']
C*04:14,['4'],['4']
C*04:15,['4'],['4']
C*04:16,['4'],['4']
C*04:17,['4'],['4']
C*04:18,['4'],['4']
C*04:19,['4'],['4']
C*04:20,['4'],['4']
C*04:23,['4'],['4']
C*04:24,['4'],['4']
C*04:25,['4'],['4']
C*04:26,['4'],['4']
C*04:27,['4'],['4']
C*04:28,['4'],['4']
C*04:29,['4'],['4']
C*04:30,['4'],['4']
C*04:31,['4'],['4']
C*04:32,['4'],['4']
C*04:33,['4'],['4']
C*04:35,['4'],['4']
C*04:36,['4'],['4']
C*04:37,['4'],['4']
C*04:38,['4'],['4']
C*04:39,['4'],['4']
C*04:40,['4'],['4']
C*04:41,['4'],['4']
C*04:42,['4'],['4']
C*04:43,['4'],['4']
C*04:44,['4'],['4']
C*04:45,['4'],['4']
C*04:46,['4'],['4']
C*04:47,['4'],['4']
C*04:48,['4'],['4']
C*04:49,['4'],['4']
C*04:50,['4'],['4']
C*04:51,['4'],['4']
C*04:52,['4'],['4']
C*04:53,['4'],['4']
C*04:54,['4'],['4']
C*04:56,['4'],['4']
C*04:57,['4'],['4']
C*04:59Q,['4'],['4']
C*04:60,['4'],['4']
C*04:61,['4'],['4']
C*04:62,['4'],['4']
C*04:63,['4'],['4']
C*04:64,['4'],['4']
C*04:65,['4'],['4']
C*04:66,['4'],['4']
C*04:67,['4'],['4']
C*04:68,['4'],['4']
C*04:69,['4'],['4']
C*04:70,['4'],['4']
C*04:71,['4'],['4']
C*04:72,['4'],['4']
C*04:73,['4'],['4']
C*04:74,['4'],['4']
C*04:75,['4'],['4']
C*04:76,['4'],['4']
C*04:77,['4'],['4']
C*04:78,['4'],['4']
C*04:79,['4'],['4']
C*04:81,['4'],['4']
C*04:82,['4'],['4']
C*04:83,['4'],['4']
C*04:84,['4'],['4']
C*04:85,['4'],['4']
C*04:86,['4'],['4']
C*04:87,['4'],['4']
C*04:89,['4'],['4']
C*04:90,['4'],['4']
C*04:91,['4'],['4']
C*04:92,['4'],['4']
C*04:94,['4'],['4']
C*04:96,['4'],['4']
C*04:97,['4'],['4']
C*04:98,['4'],['4']
C*04:99,['4'],['4']
C*04:101,['4'],['4']
C*04:102,['4'],['4']
C*04:103,['4'],['4']
C*04:104,['4'],['4']
C*04:106,['4'],['4']
C*04:108,['4'],['4']
C*04:109,['4'],['4']
C*04:110,['4'],['4']
C*04:111,['4'],['4']
C*04:112,['4'],['4']
C*04:113,['4'],['4']
C*04:114,['4'],['4']
C*04:116,['4'],['4']
C*04:117,['4'],['4']
C*04:118,['4'],['4']
C*04:119,['4'],['4']
C*04:120,['4'],['4']
C*04:121,['4'],['4']
C*04:124,['4'],['4']
C*04:125,['4'],['4']
C*04:126,['4'],['4']
C*04:127,['4'],['4']
C*04:128,['4'],['4']
C*04:129,['4'],['4']
C*04:130,['4'],['4']
C*04:131,['4'],['4']
C*04:132,['4'],['4']
C*04:133,['4'],['4']
C*04:134,['4'],['4']
C*04:135,['4'],['4']
C*04:136,['4'],['4']
C*04:137,['4'],['4']
C*04:138,['4'],['4']
C*04:139,['4'],['4']
C*04:140,['4'],['4']
C*04:141,['4'],['4']
C*04:142,['4'],['4']
C*04:143,['4'],['4']
C*04:144,['4'],['4']
C*04:145,['4'],['4']
C*04:146,['4'],['4']
C*04:148,['4'],['4']
C*04:149,['4'],['4']
C*04:150,['4'],['4']
C*04:151,['4'],['4']
C*04:152,['4'],['4']
C*05:01,['5'],['5']
C*05:03,['5'],['5']
C*05:05,['5'],['5']
C*05:06,['5'],['5']
C*05:08,['5'],['5']
C*05:09,['5'],['5']
C*05:10,['5'],['5']
C*05:11,['5'],['5']
C*05:12,['5'],['5']
C*05:13,['5'],['5']
C*05:14,['5'],['5']
C*05:15,['5'],['5']
C*05:16,['5'],['5']
C*05:18,['5'],['5']
C*05:19,['5'],['5']
C*05:20,['5'],['5']
C*05:21,['5'],['5']
C*05:22,['5'],['5']
C*05:23,['5'],['5']
C*05:24,['5'],['5']
C*05:25,['5'],['5']
C*05:26,['5'],['5']
C*05:27,['5'],['5']
C*05:28,['5'],['5']
C*05:29,['5'],['5']
C*05:30,['5'],['5']
C*05:31,['5'],['5']
C*05:32,['5'],['5']
C*05:33,['5'],['5']
C*05:34,['5'],['5']
C*05:35,['5'],['5']
C*05:36,['5'],['5']
C*05:37,['5'],['5']
C*05:38,['5'],['5']
C*05:39,['5'],['5']
C*05:40,['5'],['5']
C*05:41,['5'],['5']
C*05:42,['5'],['5']
C*05:43,['5'],['5']
C*05:44,['5'],['5']
C*05:45,['5'],['5']
C*05:46,['5'],['5']
C*05:47,['5'],['5']
C*05:49,['5'],['5']
C*05:50,['5'],['5']
C*05:51Q,['5'],['5']
C*05:52,['5'],['5']
C*05:53,['5'],['5']
C*05:54,['5'],['5']
C*05:56,['5'],['5']
C*05:57,['5'],['5']
C*05:58,['5'],['5']
C*05:59,['5'],['5']
C*05:60,['5'],['5']
C*05:61,['5'],['5']
C*05:62,['5'],['5']
C*05:63,['5'],['5']
C*05:64,['5'],['5']
C*05:65,['5'],['5']
C*05:66,['5'],['5']
C*05:67,['5'],['5']
C*05:69,['5'],['5']
C*05:70,['5'],['5']
C*05:71,['5'],['5']
C*05:72,['5'],['5']
C*05:73,['5'],['5']
C*05:74,['5'],['5']
C*05:75,['5'],['5']
C*05:76,['5'],['5']
C*05:77,['5'],['5']
C*05:80,['5'],['5']
C*05:81,['5'],['5']
C*05:82,['5'],['5']
C*05:83,['5'],['5']
C*05:84,['5'],['5']
C*05:85,['5'],['5']
C*05:86,['5'],['5']
C*05:87,['5'],['5']
C*05:88,['5'],['5']
C*05:89,['5'],['5']
C*05:90,['5'],['5']
C*05:93,['5'],['5']
C*05:94,['5'],['5']
C*06:02,['6'],['6']
C*06:03,['6'],['6']
C*06:05,['6'],['6']
C*06:06,['6'],['6']
C*06:07,['6'],['6']
C*06:08,['6'],['6']
C*06:09,['6'],['6']
C*06:10,['6'],['6']
C*06:11,['6'],['6']
C*06:12,['6'],['6']
C*06:13,['6'],['6']
C*06:14,['6'],['6']
C*06:15,['6'],['6']
C*06:17,['6'],['6']
C*06:18,['6'],['6']
C*06:19,['6'],['6']
C*06:20,['6'],['6']
C*06:21,['6'],['6']
C*06:22,['6'],['6']
C*06:23,['6'],['6']
C*06:24,['6'],['6']
C*06:25,['6'],['6']
C*06:26,['6'],['6']
C*06:27,['6'],['6']
C*06:28,['6'],['6']
C*06:29,['6'],['6']
C*06:30,['6'],['6']
C*06:31,['6'],['6']
C*06:32,['6'],['6']
C*06:33,['6'],['6']
C*06:34,['6'],['6']
C*06:35,['6'],['6']
C*06:36,['6'],['6']
C*06:37,['6'],['6']
C*06:38,['6'],['6']
C*06:39,['6'],['6']
C*06:40,['6'],['6']
C*06:41,['6'],['6']
C*06:42,['6'],['6']
C*06:43,['6'],['6']
C*06:44,['6'],['6']
C*06:45,['6'],['6']
C*06:47,['6'],['6']
C*06:48,['6'],['6']
C*06:50,['6'],['6']
C*06:51,['6'],['6']
C*06:52,['6'],['6']
C*06:54,['6'],['6']
C*06:55,['6'],['6']
C*06:56,['6'],['6']
C*06:57,['6'],['6']
C*06:58,['6'],['6']
C*06:59,['6'],['6']
C*06:60,['6'],['6']
C*06:61,['6'],['6']
C*06:62,['6'],['6']
C*06:63,['6'],['6']
C*06:64,['6'],['6']
C*06:65,['6'],['6']
C*06:66,['6'],['6']
C*06:67,['6'],['6']
C*06:68,['6'],['6']
C*06:69,['6'],['6']
C*06:70,['6'],['6']
C*06:71,['6'],['6']
C*06:72,['6'],['6']
C*06:73,['6'],['6']
C*06:74Q,['6'],['6']
C*06:75,['6'],['6']
C*06:77,['6'],['6']
C*06:78,['6'],['6']
C*06:80,['6'],['6']
C*06:81,['6'],['6']
C*06:82,['6'],['6']
C*06:83,['6'],['6']
C*06:84,['6'],['6']
C*06:85,['6'],['6']
C*06:86,['6'],['6']
C*06:87,['6'],['6']
C*06:88,['6'],['6']
C*06:89,['6'],['6']
C*06:90,['6'],['6']
C*06:91,['6'],['6']
C*06:92,['6'],['6']
C*06:93,['6'],['6']
C*06:94,['6'],['6']
C*06:95,['6'],['6']
C*06:96,['6'],['6']
C*06:97,['6'],['6']
C*06:98,['6'],['6']
C*06:99,['6'],['6']
C*06:100,['6'],['6']
C*06:101,['6'],['6']
C*06:102,['6'],['6']
C*07:01,['7'],['7']
C*07:02,['7'],['7']
C*07:03,['7'],['7']
C*07:04,['7'],['7']
C*07:05,['7'],['7']
C*07:06,['7'],['7']
C*07:07,['7'],['7']
C*07:08,['7'],['7']
C*07:09,['7'],['7']
C*07:10,['7'],['7']
C*07:11,['7'],['7']
C*07:12,['7'],['7']
C*07:13,['7'],['7']
C*07:14,['7'],['7']
C*07:15,['7'],['7']
C*07:16,['7'],['7']
C*07:17,['7'],['7']
C*07:18,['7'],['7']
C*07:19,['7'],['7']
C*07:20,['7'],['7']
C*07:21,['7'],['7']
C*07:22,['7'],['7']
C*07:23,['7'],['7']
C*07:24,['7'],['7']
C*07:25,['7'],['7']
C*07:26,['7'],['7']
C*07:27,['7'],['7']
C*07:28,['7'],['7']
C*07:29,['7'],['7']
C*07:30,['7'],['7']
C*07:31,['7'],['7']
C*07:35,['7'],['7']
C*07:36,['7'],['7']
C*07:37,['7'],['7']
C*07:38,['7'],['7']
C*07:39,['7'],['7']
C*07:40,['7'],['7']
C*07:42,['7'],['7']
C*07:43,['7'],['7']
C*07:44,['7'],['7']
C*07:45,['7'],['7']
C*07:46,['7'],['7']
C*07:47,['7'],['7']
C*07:48,['7'],['7']
C*07:49,['7'],['7']
C*07:50,['7'],['7']
C*07:51,['7'],['7']
C*07:52,['7'],['7']
C*07:53,['7'],['7']
C*07:54,['7'],['7']
C*07:57,['7'],['7']
C*07:58,['7'],['7']
C*07:59,['7'],['7']
C*07:62,['7'],['7']
C*07:63,['7'],['7']
C*07:65,['7'],['7']
C*07:66,['7'],['7']
C*07:67,['7'],['7']
C*07:68,['7'],['7']
C*07:69,['7'],['7']
C*07:70,['7'],['7']
C*07:71,['7'],['7']
C*07:72,['7'],['7']
C*07:73,['7'],['7']
C*07:74,['7'],['7']
C*07:75,['7'],['7']
C*07:76,['7'],['7']
C*07:77,['7'],['7']
C*07:78,['7'],['7']
C*07:80,['7'],['7']
C*07:81,['7'],['7']
C*07:82,['7'],['7']
C*07:83,['7'],['7']
C*07:84,['7'],['7']
C*07:85,['7'],['7']
C*07:86,['7'],['7']
C*07:87,['7'],['7']
C*07:88,['7'],['7']
C*07:89,['7'],['7']
C*07:90,['7'],['7']
C*07:91,['7'],['7']
C*07:92,['7'],['7']
C*07:93,['7'],['7']
C*07:94,['7'],['7']
C*07:95,['7'],['7']
C*07:96,['7'],['7']
C*07:97,['7'],['7']
C*07:99,['7'],['7']
C*07:100,['7'],['7']
C*07:101,['7'],['7']
C*07:102,['7'],['7']
C*07:105,['7'],['7']
C*07:106,['7'],['7']
C*07:107,['7'],['7']
C*07:108,['7'],['7']
C*07:110,['7'],['7']
C*07:111,['7'],['7']
C*07:112,['7'],['7']
C*07:113,['7'],['7']
C*07:114,['7'],['7']
C*07:115,['7'],['7']
C*07:116,['7'],['7']
C*07:117,['7'],['7']
C*07:118,['7'],['7']
C*07:119,['7'],['7']
C*07:120,['7'],['7']
C*07:121Q,['7'],['7']
C*07:122,['7'],['7']
C*07:123,['7'],['7']
C*07:124,['7'],['7']
C*07:125,['7'],['7']
C*07:126,['7'],['7']
C*07:127,['7'],['7']
C*07:128,['7'],['7']
C*07:129,['7'],['7']
C*07:130,['7'],['7']
C*07:131,['7'],['7']
C*07:132,['7'],['7']
C*07:133,['7'],['7']
C*07:134,['7'],['7']
C*07:135,['7'],['7']
C*07:136,['7'],['7']
C*07:137,['7'],['7']
C*07:138,['7'],['7']
C*07:139,['7'],['7']
C*07:140,['7'],['7']
C*07:141,['7'],['7']
C*07:142,['7'],['7']
C*07:143,['7'],['7']
C*07:144,['7'],['7']
C*07:145,['7'],['7']
C*07:146,['7'],['7']
C*07:147,['7'],['7']
C*07:148,['7'],['7']
C*07:149,['7'],['7']
C*07:150Q,['7'],['7']
C*07:151,['7'],['7']
C*07:153,['7'],['7']
C*07:154,['7'],['7']
C*07:155,['7'],['7']
C*07:156,['7'],['7']
C*07:157,['7'],['7']
C*07:158,['7'],['7']
C*07:159,['7'],['7']
C*07:160,['7'],['7']
C*07:161,['7'],['7']
C*07:162,['7'],['7']
C*07:163,['7'],['7']
C*07:165,['7'],['7']
C*07:166,['7'],['7']
C*07:167,['7'],['7']
C*07:168,['7'],['7']
C*07:169,['7'],['7']
C*07:170,['7'],['7']
C*07:171,['7'],['7']
C*07:172,['7'],['7']
C*07:173,['7'],['7']
C*07:174,['7'],['7']
C*07:175,['7'],['7']
C*07:176,['7'],['7']
C*07:177,['7'],['7']
C*07:178,['7'],['7']
C*07:179,['7'],['7']
C*07:180,['7'],['7']
C*07:181,['7'],['7']
C*07:182,['7'],['7']
C*07:183,['7'],['7']
C*07:185,['7'],['7']
C*07:186,['7'],['7']
C*07:187,['7'],['7']
C*07:188,['7'],['7']
C*07:189,['7'],['7']
C*07:190,['7'],['7']
C*07:192,['7'],['7']
C*07:193,['7'],['7']
C*07:194,['7'],['7']
C*07:195,['7'],['7']
C*07:196,['7'],['7']
C*07:197,['7'],['7']
C*07:199,['7'],['7']
C*07:200,['7'],['7']
C*07:201,['7'],['7']
C*07:202,['7'],['7']
C*07:203,['7'],['7']
C*07:204,['7'],['7']
C*07:205,['7'],['7']
C*07:206,['7'],['7']
C*07:207,['7'],['7']
C*07:208,['7'],['7']
C*07:209,['7'],['7']
C*07:210,['7'],['7']
C*07:211,['7'],['7']
C*07:212,['7'],['7']
C*07:213,['7'],['7']
C*07:214,['7'],['7']
C*07:215,['7'],['7']
C*07:216,['7'],['7']
C*07:217,['7'],['7']
C*07:218,['7'],['7']
C*07:219,['7'],['7']
C*07:220,['7'],['7']
C*07:221,['7'],['7']
C*07:222,['7'],['7']
C*07:223,['7'],['7']
C*07:224,['7'],['7']
C*07:225,['7'],['7']
C*07:226,['7'],['7']
C*07:228,['7'],['7']
C*07:229,['7'],['7']
C*07:230,['7'],['7']
C*07:231,['7'],['7']
C*07:232,['7'],['7']
C*07:233,['7'],['7']
C*07:234,['7'],['7']
C*07:235Q,['7'],['7']
C*07:236,['7'],['7']
C*07:237,['7'],['7']
C*07:238,['7'],['7']
C*07:239,['7'],['7']
C*07:240,['7'],['7']
C*07:241,['7'],['7']
C*07:242,['7'],['7']
C*07:243,['7'],['7']
C*07:244,['7'],['7']
C*07:245,['7'],['7']
C*07:246,['7'],['7']
C*07:247,['7'],['7']
C*07:248,['7'],['7']
C*07:249,['7'],['7']
C*07:250,['7'],['7']
C*07:251,['7'],['7']
C*07:252,['7'],['7']
C*07:253,['7'],['7']
C*07:254,['7'],['7']
C*07:255,['7'],['7']
C*07:256,['7'],['7']
C*07:257,['7'],['7']
C*07:258,['7'],['7']
C*07:259,['7'],['7']
C*07:260,['7'],['7']
C*07:261,['7'],['7']
C*07:262,['7'],['7']
C*07:263,['7'],['7']
C*07:265,['7'],['7']
C*07:266,['7'],['7']
C*07:267,['7'],['7']
C*07:268,['7'],['7']
C*07:269,['7'],['7']
C*07:270,['7'],['7']
C*07:271,['7'],['7']
C*07:272,['7'],['7']
C*07:273,['7'],['7']
C*07:274,['7'],['7']
C*07:275,['7'],['7']
C*07:276,['7'],['7']
C*07:277,['7'],['7']
C*07:278,['7'],['7']
C*07:279,['7'],['7']
C*07:280,['7'],['7']
C*07:281,['7'],['7']
C*07:282,['7'],['7']
C*07:283,['7'],['7']
C*07:284,['7'],['7']
C*07:285,['7'],['7']
C*07:286,['7'],['7']
C*07:287,['7'],['7']
C*07:288,['7'],['7']
C*07:289,['7'],['7']
C*07:290,['7'],['7']
C*07:291,['7'],['7']
C*07:292,['7'],['7']
C*07:293,['7'],['7']
C*07:294,['7'],['7']
C*07:296,['7'],['7']
C*07:297,['7'],['7']
C*07:298,['7'],['7']
C*07:299,['7'],['7']
C*07:300,['7'],['7']
C*07:301,['7'],['7']
C*07:302,['7'],['7']
C*07:303,['7'],['7']
C*07:304,['7'],['7']
C*07:305,['7'],['7']
C*07:306,['7'],['7']
C*07:308,['7'],['7']
C*07:309,['7'],['7']
C*07:310,['7'],['7']
C*07:311,['7'],['7']
C*07:312,['7'],['7']
C*07:313,['7'],['7']
C*07:314,['7'],['7']
C*08:02,['8'],['8']
C*08:04,['8'],['8']
C*08:05,['8'],['8']
C*08:07,['8'],['8']
C*08:12,['8'],['8']
C*08:13,['8'],['8']
C*08:15,['8'],['8']
C*08:17,['8'],['8']
C*08:18,['8'],['8']
C*08:19,['8'],['8']
C*08:23,['8'],['8']
C*08:25,['8'],['8']
C*08:27,['8'],['8']
C*08:28,['8'],['8']
C*08:29,['8'],['8']
C*08:30,['8'],['8']
C*08:31,['8'],['8']
C*08:32,['8'],['8']
C*08:33,['8'],['8']
C*08:34,['8'],['8']
C*08:35,['8'],['8']
C*08:37,['8'],['8']
C*08:43,['8'],['8']
C*08:45,['8'],['8']
C*08:47,['8'],['8']
C*08:48,['8'],['8']
C*08:49,['8'],['8']
C*08:51,['8'],['8']
C*08:53,['8'],['8']
C*08:54,['8'],['8']
C*08:62,['8'],['8']
C*08:63,['8'],['8']
C*08:66,['8'],['8']
C*08:67,['8'],['8']
C*08:68,['8'],['8']
C*08:69,['8'],['8']
C*08:70Q,['8'],['8']
C*08:71,['8'],['8']
C*08:73,['8'],['8']
C*08:74,['8'],['8']
C*08:75,['8'],['8']
C*08:76,['8'],['8']
C*08:77,['8'],['8']
C*12:05,['2'],['2']
C*12:14,['7'],['7']
C*12:31,['8'],['8']
C*12:41,['2'],['2']
C*14:02,['1'],['1']
C*14:03,['1'],['1']
C*14:04,['4'],['4']
C*14:05,['1'],['1']
C*14:08,['1'],['1']
C*14:09,['1'],['1']
C*14:11,['1'],['1']
C*14:14,['1'],['1']
C*14:17,['1'],['1']
C*14:18,['1'],['1']
C*14:19,['1'],['1']
C*14:20,['1'],['1']
C*14:22,['1'],['1']
C*14:23,['1'],['1']
C*14:24,['1'],['1']
C*14:26,['1'],['1']
C*14:27,['1'],['1']
C*14:28,['1'],['1']
C*14:29,['1'],['1']
C*14:30,['1'],['1']
C*14:31,['1'],['1']
C*14:32,['1'],['1']
C*14:33,['1'],['1']
C*14:34,['1'],['1']
C*14:36,['1'],['1']
C*14:37,['1'],['1']
C*14:38,['1'],['1']
C*14:39,['1'],['1']
C*14:40,['1'],['1']
C*14:41,['1'],['1']
C*14:42,['1'],['1']
C*14:43,['1'],['1']
C*14:44,['1'],['1']
C*14:45,['1'],['1']
C*14:48,['1'],['1']
C*14:49,['4'],['4']
C*14:50,['1'],['1']
C*14:51,['1'],['1']
C*14:52,['1'],['1']
C*15:12,"['9', '3']","['3', '9']"
C*15:15,"['3', '10']","['10', '3']"
C*15:24,['3'],['3']
C*15:26,"['10', '3']","['10', '3']"
C*15:69,"['10', '3']","['10', '3']"
C*16:02,['2'],['2']
C*16:09,['2'],['2']
C*16:12,['2'],['2']
C*16:19,['2'],['2']
C*16:29,['2'],['2']
C*16:33,['2'],['2']
C*16:34,['2'],['2']
C*16:45,['8'],['8']
C*16:47,['2'],['2']
C*16:50,['2'],['2']
C*16:57,['2'],['2']
C*18:03,['6'],['6']
C*18:04,['4'],['4']
